"nodes","max.update","n.seeds","threshold","z","time","n.run","cascade.fraction"
10000,100,1,0.1,17,2,1,1e-04
10000,100,1,0.1,17,2,2,1e-04
10000,100,1,0.1,17,2,3,1e-04
10000,100,1,0.1,17,2,4,1e-04
10000,100,1,0.1,17,2,5,1e-04
10000,100,1,0.1,17,2,6,1e-04
10000,100,1,0.1,17,2,7,1e-04
10000,100,1,0.1,17,2,8,1e-04
10000,100,1,0.1,17,4,9,3e-04
10000,100,1,0.1,17,2,10,1e-04
10000,100,1,0.1,18,2,1,1e-04
10000,100,1,0.1,18,2,2,1e-04
10000,100,1,0.1,18,2,3,1e-04
10000,100,1,0.1,18,2,4,1e-04
10000,100,1,0.1,18,3,5,2e-04
10000,100,1,0.1,18,3,6,2e-04
10000,100,1,0.1,18,2,7,1e-04
10000,100,1,0.1,18,2,8,1e-04
10000,100,1,0.1,18,2,9,1e-04
10000,100,1,0.1,18,2,10,1e-04
10000,100,1,0.1,19,2,1,1e-04
10000,100,1,0.1,19,2,2,1e-04
10000,100,1,0.1,19,2,3,1e-04
10000,100,1,0.1,19,2,4,1e-04
10000,100,1,0.1,19,2,5,1e-04
10000,100,1,0.1,19,2,6,1e-04
10000,100,1,0.1,19,3,7,3e-04
10000,100,1,0.1,19,2,8,1e-04
10000,100,1,0.1,19,3,9,2e-04
10000,100,1,0.1,19,2,10,1e-04
10000,100,1,0.1,20,2,1,1e-04
10000,100,1,0.1,20,2,2,1e-04
10000,100,1,0.1,20,3,3,2e-04
10000,100,1,0.1,20,2,4,1e-04
10000,100,1,0.1,20,2,5,1e-04
10000,100,1,0.1,20,2,6,1e-04
10000,100,1,0.1,20,2,7,1e-04
10000,100,1,0.1,20,3,8,2e-04
10000,100,1,0.1,20,2,9,1e-04
10000,100,1,0.1,20,2,10,1e-04
10000,100,1,0.1,21,2,1,1e-04
10000,100,1,0.1,21,2,2,1e-04
10000,100,1,0.1,21,2,3,1e-04
10000,100,1,0.1,21,2,4,1e-04
10000,100,1,0.1,21,2,5,1e-04
10000,100,1,0.1,21,2,6,1e-04
10000,100,1,0.1,21,2,7,1e-04
10000,100,1,0.1,21,2,8,1e-04
10000,100,1,0.1,21,2,9,1e-04
10000,100,1,0.1,21,2,10,1e-04
10000,100,1,0.1,22,2,1,1e-04
10000,100,1,0.1,22,2,2,1e-04
10000,100,1,0.1,22,2,3,1e-04
10000,100,1,0.1,22,2,4,1e-04
10000,100,1,0.1,22,2,5,1e-04
10000,100,1,0.1,22,2,6,1e-04
10000,100,1,0.1,22,2,7,1e-04
10000,100,1,0.1,22,2,8,1e-04
10000,100,1,0.1,22,2,9,1e-04
10000,100,1,0.1,22,2,10,1e-04
10000,100,1,0.1,23,2,1,1e-04
10000,100,1,0.1,23,2,2,1e-04
10000,100,1,0.1,23,2,3,1e-04
10000,100,1,0.1,23,2,4,1e-04
10000,100,1,0.1,23,2,5,1e-04
10000,100,1,0.1,23,2,6,1e-04
10000,100,1,0.1,23,2,7,1e-04
10000,100,1,0.1,23,2,8,1e-04
10000,100,1,0.1,23,2,9,1e-04
10000,100,1,0.1,23,2,10,1e-04
10000,100,1,0.1,24,2,1,1e-04
10000,100,1,0.1,24,2,2,1e-04
10000,100,1,0.1,24,2,3,1e-04
10000,100,1,0.1,24,2,4,1e-04
10000,100,1,0.1,24,2,5,1e-04
10000,100,1,0.1,24,2,6,1e-04
10000,100,1,0.1,24,2,7,1e-04
10000,100,1,0.1,24,2,8,1e-04
10000,100,1,0.1,24,2,9,1e-04
10000,100,1,0.1,24,2,10,1e-04
10000,100,1,0.1,25,2,1,1e-04
10000,100,1,0.1,25,2,2,1e-04
10000,100,1,0.1,25,2,3,1e-04
10000,100,1,0.1,25,2,4,1e-04
10000,100,1,0.1,25,2,5,1e-04
10000,100,1,0.1,25,2,6,1e-04
10000,100,1,0.1,25,2,7,1e-04
10000,100,1,0.1,25,2,8,1e-04
10000,100,1,0.1,25,2,9,1e-04
10000,100,1,0.1,25,2,10,1e-04
10000,100,1,0.1,26,2,1,1e-04
10000,100,1,0.1,26,2,2,1e-04
10000,100,1,0.1,26,2,3,1e-04
10000,100,1,0.1,26,2,4,1e-04
10000,100,1,0.1,26,2,5,1e-04
10000,100,1,0.1,26,2,6,1e-04
10000,100,1,0.1,26,2,7,1e-04
10000,100,1,0.1,26,2,8,1e-04
10000,100,1,0.1,26,2,9,1e-04
10000,100,1,0.1,26,2,10,1e-04
10000,100,1,0.1,27,2,1,1e-04
10000,100,1,0.1,27,2,2,1e-04
10000,100,1,0.1,27,2,3,1e-04
10000,100,1,0.1,27,2,4,1e-04
10000,100,1,0.1,27,2,5,1e-04
10000,100,1,0.1,27,2,6,1e-04
10000,100,1,0.1,27,2,7,1e-04
10000,100,1,0.1,27,2,8,1e-04
10000,100,1,0.1,27,2,9,1e-04
10000,100,1,0.1,27,2,10,1e-04
10000,100,1,0.1,28,2,1,1e-04
10000,100,1,0.1,28,2,2,1e-04
10000,100,1,0.1,28,2,3,1e-04
10000,100,1,0.1,28,2,4,1e-04
10000,100,1,0.1,28,2,5,1e-04
10000,100,1,0.1,28,2,6,1e-04
10000,100,1,0.1,28,2,7,1e-04
10000,100,1,0.1,28,2,8,1e-04
10000,100,1,0.1,28,2,9,1e-04
10000,100,1,0.1,28,2,10,1e-04
10000,100,1,0.1,29,2,1,1e-04
10000,100,1,0.1,29,2,2,1e-04
10000,100,1,0.1,29,2,3,1e-04
10000,100,1,0.1,29,2,4,1e-04
10000,100,1,0.1,29,2,5,1e-04
10000,100,1,0.1,29,2,6,1e-04
10000,100,1,0.1,29,2,7,1e-04
10000,100,1,0.1,29,2,8,1e-04
10000,100,1,0.1,29,2,9,1e-04
10000,100,1,0.1,29,2,10,1e-04
10000,100,1,0.1,30,2,1,1e-04
10000,100,1,0.1,30,2,2,1e-04
10000,100,1,0.1,30,2,3,1e-04
10000,100,1,0.1,30,2,4,1e-04
10000,100,1,0.1,30,2,5,1e-04
10000,100,1,0.1,30,2,6,1e-04
10000,100,1,0.1,30,2,7,1e-04
10000,100,1,0.1,30,2,8,1e-04
10000,100,1,0.1,30,2,9,1e-04
10000,100,1,0.1,30,2,10,1e-04
10000,100,1,0.11,17,2,1,1e-04
10000,100,1,0.11,17,2,2,1e-04
10000,100,1,0.11,17,2,3,1e-04
10000,100,1,0.11,17,2,4,1e-04
10000,100,1,0.11,17,2,5,1e-04
10000,100,1,0.11,17,2,6,1e-04
10000,100,1,0.11,17,3,7,2e-04
10000,100,1,0.11,17,2,8,1e-04
10000,100,1,0.11,17,2,9,1e-04
10000,100,1,0.11,17,2,10,1e-04
10000,100,1,0.11,18,3,1,2e-04
10000,100,1,0.11,18,2,2,1e-04
10000,100,1,0.11,18,2,3,1e-04
10000,100,1,0.11,18,2,4,1e-04
10000,100,1,0.11,18,2,5,1e-04
10000,100,1,0.11,18,2,6,1e-04
10000,100,1,0.11,18,2,7,1e-04
10000,100,1,0.11,18,2,8,1e-04
10000,100,1,0.11,18,2,9,1e-04
10000,100,1,0.11,18,2,10,1e-04
10000,100,1,0.11,19,2,1,1e-04
10000,100,1,0.11,19,2,2,1e-04
10000,100,1,0.11,19,2,3,1e-04
10000,100,1,0.11,19,2,4,1e-04
10000,100,1,0.11,19,3,5,2e-04
10000,100,1,0.11,19,2,6,1e-04
10000,100,1,0.11,19,2,7,1e-04
10000,100,1,0.11,19,2,8,1e-04
10000,100,1,0.11,19,2,9,1e-04
10000,100,1,0.11,19,2,10,1e-04
10000,100,1,0.11,20,2,1,1e-04
10000,100,1,0.11,20,2,2,1e-04
10000,100,1,0.11,20,2,3,1e-04
10000,100,1,0.11,20,2,4,1e-04
10000,100,1,0.11,20,2,5,1e-04
10000,100,1,0.11,20,2,6,1e-04
10000,100,1,0.11,20,2,7,1e-04
10000,100,1,0.11,20,2,8,1e-04
10000,100,1,0.11,20,2,9,1e-04
10000,100,1,0.11,20,2,10,1e-04
10000,100,1,0.11,21,2,1,1e-04
10000,100,1,0.11,21,2,2,1e-04
10000,100,1,0.11,21,2,3,1e-04
10000,100,1,0.11,21,2,4,1e-04
10000,100,1,0.11,21,2,5,1e-04
10000,100,1,0.11,21,2,6,1e-04
10000,100,1,0.11,21,2,7,1e-04
10000,100,1,0.11,21,2,8,1e-04
10000,100,1,0.11,21,2,9,1e-04
10000,100,1,0.11,21,2,10,1e-04
10000,100,1,0.11,22,2,1,1e-04
10000,100,1,0.11,22,2,2,1e-04
10000,100,1,0.11,22,2,3,1e-04
10000,100,1,0.11,22,2,4,1e-04
10000,100,1,0.11,22,2,5,1e-04
10000,100,1,0.11,22,2,6,1e-04
10000,100,1,0.11,22,2,7,1e-04
10000,100,1,0.11,22,2,8,1e-04
10000,100,1,0.11,22,2,9,1e-04
10000,100,1,0.11,22,2,10,1e-04
10000,100,1,0.11,23,2,1,1e-04
10000,100,1,0.11,23,2,2,1e-04
10000,100,1,0.11,23,2,3,1e-04
10000,100,1,0.11,23,2,4,1e-04
10000,100,1,0.11,23,2,5,1e-04
10000,100,1,0.11,23,2,6,1e-04
10000,100,1,0.11,23,2,7,1e-04
10000,100,1,0.11,23,2,8,1e-04
10000,100,1,0.11,23,2,9,1e-04
10000,100,1,0.11,23,2,10,1e-04
10000,100,1,0.11,24,2,1,1e-04
10000,100,1,0.11,24,2,2,1e-04
10000,100,1,0.11,24,2,3,1e-04
10000,100,1,0.11,24,2,4,1e-04
10000,100,1,0.11,24,2,5,1e-04
10000,100,1,0.11,24,2,6,1e-04
10000,100,1,0.11,24,2,7,1e-04
10000,100,1,0.11,24,2,8,1e-04
10000,100,1,0.11,24,2,9,1e-04
10000,100,1,0.11,24,2,10,1e-04
10000,100,1,0.11,25,2,1,1e-04
10000,100,1,0.11,25,2,2,1e-04
10000,100,1,0.11,25,2,3,1e-04
10000,100,1,0.11,25,2,4,1e-04
10000,100,1,0.11,25,2,5,1e-04
10000,100,1,0.11,25,2,6,1e-04
10000,100,1,0.11,25,2,7,1e-04
10000,100,1,0.11,25,2,8,1e-04
10000,100,1,0.11,25,2,9,1e-04
10000,100,1,0.11,25,2,10,1e-04
10000,100,1,0.11,26,2,1,1e-04
10000,100,1,0.11,26,2,2,1e-04
10000,100,1,0.11,26,2,3,1e-04
10000,100,1,0.11,26,2,4,1e-04
10000,100,1,0.11,26,2,5,1e-04
10000,100,1,0.11,26,2,6,1e-04
10000,100,1,0.11,26,2,7,1e-04
10000,100,1,0.11,26,2,8,1e-04
10000,100,1,0.11,26,2,9,1e-04
10000,100,1,0.11,26,2,10,1e-04
10000,100,1,0.11,27,2,1,1e-04
10000,100,1,0.11,27,2,2,1e-04
10000,100,1,0.11,27,2,3,1e-04
10000,100,1,0.11,27,2,4,1e-04
10000,100,1,0.11,27,2,5,1e-04
10000,100,1,0.11,27,2,6,1e-04
10000,100,1,0.11,27,2,7,1e-04
10000,100,1,0.11,27,2,8,1e-04
10000,100,1,0.11,27,2,9,1e-04
10000,100,1,0.11,27,2,10,1e-04
10000,100,1,0.11,28,2,1,1e-04
10000,100,1,0.11,28,2,2,1e-04
10000,100,1,0.11,28,2,3,1e-04
10000,100,1,0.11,28,2,4,1e-04
10000,100,1,0.11,28,2,5,1e-04
10000,100,1,0.11,28,2,6,1e-04
10000,100,1,0.11,28,2,7,1e-04
10000,100,1,0.11,28,2,8,1e-04
10000,100,1,0.11,28,2,9,1e-04
10000,100,1,0.11,28,2,10,1e-04
10000,100,1,0.11,29,2,1,1e-04
10000,100,1,0.11,29,2,2,1e-04
10000,100,1,0.11,29,2,3,1e-04
10000,100,1,0.11,29,2,4,1e-04
10000,100,1,0.11,29,2,5,1e-04
10000,100,1,0.11,29,2,6,1e-04
10000,100,1,0.11,29,2,7,1e-04
10000,100,1,0.11,29,2,8,1e-04
10000,100,1,0.11,29,2,9,1e-04
10000,100,1,0.11,29,2,10,1e-04
10000,100,1,0.11,30,2,1,1e-04
10000,100,1,0.11,30,2,2,1e-04
10000,100,1,0.11,30,2,3,1e-04
10000,100,1,0.11,30,2,4,1e-04
10000,100,1,0.11,30,2,5,1e-04
10000,100,1,0.11,30,2,6,1e-04
10000,100,1,0.11,30,2,7,1e-04
10000,100,1,0.11,30,2,8,1e-04
10000,100,1,0.11,30,2,9,1e-04
10000,100,1,0.11,30,2,10,1e-04
10000,100,1,0.12,17,2,1,1e-04
10000,100,1,0.12,17,2,2,1e-04
10000,100,1,0.12,17,2,3,1e-04
10000,100,1,0.12,17,2,4,1e-04
10000,100,1,0.12,17,2,5,1e-04
10000,100,1,0.12,17,2,6,1e-04
10000,100,1,0.12,17,2,7,1e-04
10000,100,1,0.12,17,2,8,1e-04
10000,100,1,0.12,17,2,9,1e-04
10000,100,1,0.12,17,2,10,1e-04
10000,100,1,0.12,18,2,1,1e-04
10000,100,1,0.12,18,2,2,1e-04
10000,100,1,0.12,18,2,3,1e-04
10000,100,1,0.12,18,2,4,1e-04
10000,100,1,0.12,18,2,5,1e-04
10000,100,1,0.12,18,2,6,1e-04
10000,100,1,0.12,18,2,7,1e-04
10000,100,1,0.12,18,2,8,1e-04
10000,100,1,0.12,18,2,9,1e-04
10000,100,1,0.12,18,2,10,1e-04
10000,100,1,0.12,19,2,1,1e-04
10000,100,1,0.12,19,2,2,1e-04
10000,100,1,0.12,19,2,3,1e-04
10000,100,1,0.12,19,2,4,1e-04
10000,100,1,0.12,19,2,5,1e-04
10000,100,1,0.12,19,2,6,1e-04
10000,100,1,0.12,19,2,7,1e-04
10000,100,1,0.12,19,2,8,1e-04
10000,100,1,0.12,19,2,9,1e-04
10000,100,1,0.12,19,2,10,1e-04
10000,100,1,0.12,20,2,1,1e-04
10000,100,1,0.12,20,2,2,1e-04
10000,100,1,0.12,20,2,3,1e-04
10000,100,1,0.12,20,2,4,1e-04
10000,100,1,0.12,20,2,5,1e-04
10000,100,1,0.12,20,2,6,1e-04
10000,100,1,0.12,20,2,7,1e-04
10000,100,1,0.12,20,2,8,1e-04
10000,100,1,0.12,20,2,9,1e-04
10000,100,1,0.12,20,2,10,1e-04
10000,100,1,0.12,21,2,1,1e-04
10000,100,1,0.12,21,2,2,1e-04
10000,100,1,0.12,21,2,3,1e-04
10000,100,1,0.12,21,2,4,1e-04
10000,100,1,0.12,21,2,5,1e-04
10000,100,1,0.12,21,2,6,1e-04
10000,100,1,0.12,21,2,7,1e-04
10000,100,1,0.12,21,2,8,1e-04
10000,100,1,0.12,21,3,9,2e-04
10000,100,1,0.12,21,2,10,1e-04
10000,100,1,0.12,22,2,1,1e-04
10000,100,1,0.12,22,2,2,1e-04
10000,100,1,0.12,22,2,3,1e-04
10000,100,1,0.12,22,2,4,1e-04
10000,100,1,0.12,22,2,5,1e-04
10000,100,1,0.12,22,2,6,1e-04
10000,100,1,0.12,22,2,7,1e-04
10000,100,1,0.12,22,2,8,1e-04
10000,100,1,0.12,22,2,9,1e-04
10000,100,1,0.12,22,2,10,1e-04
10000,100,1,0.12,23,2,1,1e-04
10000,100,1,0.12,23,2,2,1e-04
10000,100,1,0.12,23,2,3,1e-04
10000,100,1,0.12,23,2,4,1e-04
10000,100,1,0.12,23,2,5,1e-04
10000,100,1,0.12,23,2,6,1e-04
10000,100,1,0.12,23,2,7,1e-04
10000,100,1,0.12,23,2,8,1e-04
10000,100,1,0.12,23,2,9,1e-04
10000,100,1,0.12,23,2,10,1e-04
10000,100,1,0.12,24,2,1,1e-04
10000,100,1,0.12,24,2,2,1e-04
10000,100,1,0.12,24,2,3,1e-04
10000,100,1,0.12,24,2,4,1e-04
10000,100,1,0.12,24,2,5,1e-04
10000,100,1,0.12,24,2,6,1e-04
10000,100,1,0.12,24,2,7,1e-04
10000,100,1,0.12,24,2,8,1e-04
10000,100,1,0.12,24,2,9,1e-04
10000,100,1,0.12,24,2,10,1e-04
10000,100,1,0.12,25,2,1,1e-04
10000,100,1,0.12,25,2,2,1e-04
10000,100,1,0.12,25,2,3,1e-04
10000,100,1,0.12,25,2,4,1e-04
10000,100,1,0.12,25,2,5,1e-04
10000,100,1,0.12,25,3,6,2e-04
10000,100,1,0.12,25,2,7,1e-04
10000,100,1,0.12,25,2,8,1e-04
10000,100,1,0.12,25,2,9,1e-04
10000,100,1,0.12,25,2,10,1e-04
10000,100,1,0.12,26,2,1,1e-04
10000,100,1,0.12,26,2,2,1e-04
10000,100,1,0.12,26,2,3,1e-04
10000,100,1,0.12,26,2,4,1e-04
10000,100,1,0.12,26,2,5,1e-04
10000,100,1,0.12,26,2,6,1e-04
10000,100,1,0.12,26,2,7,1e-04
10000,100,1,0.12,26,2,8,1e-04
10000,100,1,0.12,26,2,9,1e-04
10000,100,1,0.12,26,2,10,1e-04
10000,100,1,0.12,27,2,1,1e-04
10000,100,1,0.12,27,2,2,1e-04
10000,100,1,0.12,27,2,3,1e-04
10000,100,1,0.12,27,2,4,1e-04
10000,100,1,0.12,27,2,5,1e-04
10000,100,1,0.12,27,2,6,1e-04
10000,100,1,0.12,27,2,7,1e-04
10000,100,1,0.12,27,2,8,1e-04
10000,100,1,0.12,27,2,9,1e-04
10000,100,1,0.12,27,2,10,1e-04
10000,100,1,0.12,28,2,1,1e-04
10000,100,1,0.12,28,2,2,1e-04
10000,100,1,0.12,28,2,3,1e-04
10000,100,1,0.12,28,2,4,1e-04
10000,100,1,0.12,28,2,5,1e-04
10000,100,1,0.12,28,2,6,1e-04
10000,100,1,0.12,28,2,7,1e-04
10000,100,1,0.12,28,2,8,1e-04
10000,100,1,0.12,28,2,9,1e-04
10000,100,1,0.12,28,2,10,1e-04
10000,100,1,0.12,29,2,1,1e-04
10000,100,1,0.12,29,2,2,1e-04
10000,100,1,0.12,29,2,3,1e-04
10000,100,1,0.12,29,2,4,1e-04
10000,100,1,0.12,29,2,5,1e-04
10000,100,1,0.12,29,2,6,1e-04
10000,100,1,0.12,29,2,7,1e-04
10000,100,1,0.12,29,2,8,1e-04
10000,100,1,0.12,29,2,9,1e-04
10000,100,1,0.12,29,2,10,1e-04
10000,100,1,0.12,30,2,1,1e-04
10000,100,1,0.12,30,2,2,1e-04
10000,100,1,0.12,30,2,3,1e-04
10000,100,1,0.12,30,2,4,1e-04
10000,100,1,0.12,30,2,5,1e-04
10000,100,1,0.12,30,2,6,1e-04
10000,100,1,0.12,30,2,7,1e-04
10000,100,1,0.12,30,2,8,1e-04
10000,100,1,0.12,30,2,9,1e-04
10000,100,1,0.12,30,2,10,1e-04
10000,100,1,0.13,17,2,1,1e-04
10000,100,1,0.13,17,2,2,1e-04
10000,100,1,0.13,17,2,3,1e-04
10000,100,1,0.13,17,2,4,1e-04
10000,100,1,0.13,17,2,5,1e-04
10000,100,1,0.13,17,2,6,1e-04
10000,100,1,0.13,17,2,7,1e-04
10000,100,1,0.13,17,2,8,1e-04
10000,100,1,0.13,17,2,9,1e-04
10000,100,1,0.13,17,2,10,1e-04
10000,100,1,0.13,18,2,1,1e-04
10000,100,1,0.13,18,2,2,1e-04
10000,100,1,0.13,18,2,3,1e-04
10000,100,1,0.13,18,3,4,2e-04
10000,100,1,0.13,18,2,5,1e-04
10000,100,1,0.13,18,2,6,1e-04
10000,100,1,0.13,18,2,7,1e-04
10000,100,1,0.13,18,2,8,1e-04
10000,100,1,0.13,18,2,9,1e-04
10000,100,1,0.13,18,2,10,1e-04
10000,100,1,0.13,19,2,1,1e-04
10000,100,1,0.13,19,2,2,1e-04
10000,100,1,0.13,19,2,3,1e-04
10000,100,1,0.13,19,2,4,1e-04
10000,100,1,0.13,19,2,5,1e-04
10000,100,1,0.13,19,2,6,1e-04
10000,100,1,0.13,19,2,7,1e-04
10000,100,1,0.13,19,2,8,1e-04
10000,100,1,0.13,19,2,9,1e-04
10000,100,1,0.13,19,2,10,1e-04
10000,100,1,0.13,20,2,1,1e-04
10000,100,1,0.13,20,2,2,1e-04
10000,100,1,0.13,20,2,3,1e-04
10000,100,1,0.13,20,2,4,1e-04
10000,100,1,0.13,20,2,5,1e-04
10000,100,1,0.13,20,2,6,1e-04
10000,100,1,0.13,20,2,7,1e-04
10000,100,1,0.13,20,2,8,1e-04
10000,100,1,0.13,20,2,9,1e-04
10000,100,1,0.13,20,2,10,1e-04
10000,100,1,0.13,21,2,1,1e-04
10000,100,1,0.13,21,2,2,1e-04
10000,100,1,0.13,21,2,3,1e-04
10000,100,1,0.13,21,2,4,1e-04
10000,100,1,0.13,21,2,5,1e-04
10000,100,1,0.13,21,2,6,1e-04
10000,100,1,0.13,21,2,7,1e-04
10000,100,1,0.13,21,2,8,1e-04
10000,100,1,0.13,21,2,9,1e-04
10000,100,1,0.13,21,2,10,1e-04
10000,100,1,0.13,22,2,1,1e-04
10000,100,1,0.13,22,2,2,1e-04
10000,100,1,0.13,22,2,3,1e-04
10000,100,1,0.13,22,2,4,1e-04
10000,100,1,0.13,22,2,5,1e-04
10000,100,1,0.13,22,2,6,1e-04
10000,100,1,0.13,22,2,7,1e-04
10000,100,1,0.13,22,2,8,1e-04
10000,100,1,0.13,22,2,9,1e-04
10000,100,1,0.13,22,2,10,1e-04
10000,100,1,0.13,23,2,1,1e-04
10000,100,1,0.13,23,2,2,1e-04
10000,100,1,0.13,23,2,3,1e-04
10000,100,1,0.13,23,2,4,1e-04
10000,100,1,0.13,23,2,5,1e-04
10000,100,1,0.13,23,2,6,1e-04
10000,100,1,0.13,23,2,7,1e-04
10000,100,1,0.13,23,2,8,1e-04
10000,100,1,0.13,23,2,9,1e-04
10000,100,1,0.13,23,2,10,1e-04
10000,100,1,0.13,24,2,1,1e-04
10000,100,1,0.13,24,2,2,1e-04
10000,100,1,0.13,24,2,3,1e-04
10000,100,1,0.13,24,2,4,1e-04
10000,100,1,0.13,24,2,5,1e-04
10000,100,1,0.13,24,2,6,1e-04
10000,100,1,0.13,24,2,7,1e-04
10000,100,1,0.13,24,2,8,1e-04
10000,100,1,0.13,24,2,9,1e-04
10000,100,1,0.13,24,2,10,1e-04
10000,100,1,0.13,25,2,1,1e-04
10000,100,1,0.13,25,2,2,1e-04
10000,100,1,0.13,25,2,3,1e-04
10000,100,1,0.13,25,2,4,1e-04
10000,100,1,0.13,25,2,5,1e-04
10000,100,1,0.13,25,2,6,1e-04
10000,100,1,0.13,25,2,7,1e-04
10000,100,1,0.13,25,2,8,1e-04
10000,100,1,0.13,25,2,9,1e-04
10000,100,1,0.13,25,2,10,1e-04
10000,100,1,0.13,26,2,1,1e-04
10000,100,1,0.13,26,2,2,1e-04
10000,100,1,0.13,26,2,3,1e-04
10000,100,1,0.13,26,2,4,1e-04
10000,100,1,0.13,26,2,5,1e-04
10000,100,1,0.13,26,2,6,1e-04
10000,100,1,0.13,26,2,7,1e-04
10000,100,1,0.13,26,2,8,1e-04
10000,100,1,0.13,26,2,9,1e-04
10000,100,1,0.13,26,2,10,1e-04
10000,100,1,0.13,27,2,1,1e-04
10000,100,1,0.13,27,2,2,1e-04
10000,100,1,0.13,27,2,3,1e-04
10000,100,1,0.13,27,2,4,1e-04
10000,100,1,0.13,27,2,5,1e-04
10000,100,1,0.13,27,2,6,1e-04
10000,100,1,0.13,27,2,7,1e-04
10000,100,1,0.13,27,2,8,1e-04
10000,100,1,0.13,27,2,9,1e-04
10000,100,1,0.13,27,2,10,1e-04
10000,100,1,0.13,28,2,1,1e-04
10000,100,1,0.13,28,2,2,1e-04
10000,100,1,0.13,28,2,3,1e-04
10000,100,1,0.13,28,2,4,1e-04
10000,100,1,0.13,28,2,5,1e-04
10000,100,1,0.13,28,2,6,1e-04
10000,100,1,0.13,28,2,7,1e-04
10000,100,1,0.13,28,2,8,1e-04
10000,100,1,0.13,28,2,9,1e-04
10000,100,1,0.13,28,2,10,1e-04
10000,100,1,0.13,29,2,1,1e-04
10000,100,1,0.13,29,2,2,1e-04
10000,100,1,0.13,29,2,3,1e-04
10000,100,1,0.13,29,2,4,1e-04
10000,100,1,0.13,29,2,5,1e-04
10000,100,1,0.13,29,2,6,1e-04
10000,100,1,0.13,29,2,7,1e-04
10000,100,1,0.13,29,2,8,1e-04
10000,100,1,0.13,29,2,9,1e-04
10000,100,1,0.13,29,2,10,1e-04
10000,100,1,0.13,30,2,1,1e-04
10000,100,1,0.13,30,2,2,1e-04
10000,100,1,0.13,30,2,3,1e-04
10000,100,1,0.13,30,2,4,1e-04
10000,100,1,0.13,30,2,5,1e-04
10000,100,1,0.13,30,2,6,1e-04
10000,100,1,0.13,30,2,7,1e-04
10000,100,1,0.13,30,2,8,1e-04
10000,100,1,0.13,30,2,9,1e-04
10000,100,1,0.13,30,2,10,1e-04
10000,100,1,0.14,17,2,1,1e-04
10000,100,1,0.14,17,2,2,1e-04
10000,100,1,0.14,17,2,3,1e-04
10000,100,1,0.14,17,2,4,1e-04
10000,100,1,0.14,17,2,5,1e-04
10000,100,1,0.14,17,2,6,1e-04
10000,100,1,0.14,17,2,7,1e-04
10000,100,1,0.14,17,2,8,1e-04
10000,100,1,0.14,17,2,9,1e-04
10000,100,1,0.14,17,2,10,1e-04
10000,100,1,0.14,18,2,1,1e-04
10000,100,1,0.14,18,2,2,1e-04
10000,100,1,0.14,18,3,3,2e-04
10000,100,1,0.14,18,2,4,1e-04
10000,100,1,0.14,18,2,5,1e-04
10000,100,1,0.14,18,2,6,1e-04
10000,100,1,0.14,18,2,7,1e-04
10000,100,1,0.14,18,2,8,1e-04
10000,100,1,0.14,18,2,9,1e-04
10000,100,1,0.14,18,2,10,1e-04
10000,100,1,0.14,19,2,1,1e-04
10000,100,1,0.14,19,2,2,1e-04
10000,100,1,0.14,19,2,3,1e-04
10000,100,1,0.14,19,2,4,1e-04
10000,100,1,0.14,19,2,5,1e-04
10000,100,1,0.14,19,2,6,1e-04
10000,100,1,0.14,19,2,7,1e-04
10000,100,1,0.14,19,2,8,1e-04
10000,100,1,0.14,19,2,9,1e-04
10000,100,1,0.14,19,2,10,1e-04
10000,100,1,0.14,20,2,1,1e-04
10000,100,1,0.14,20,3,2,2e-04
10000,100,1,0.14,20,3,3,2e-04
10000,100,1,0.14,20,2,4,1e-04
10000,100,1,0.14,20,2,5,1e-04
10000,100,1,0.14,20,2,6,1e-04
10000,100,1,0.14,20,2,7,1e-04
10000,100,1,0.14,20,2,8,1e-04
10000,100,1,0.14,20,2,9,1e-04
10000,100,1,0.14,20,2,10,1e-04
10000,100,1,0.14,21,2,1,1e-04
10000,100,1,0.14,21,2,2,1e-04
10000,100,1,0.14,21,2,3,1e-04
10000,100,1,0.14,21,2,4,1e-04
10000,100,1,0.14,21,2,5,1e-04
10000,100,1,0.14,21,2,6,1e-04
10000,100,1,0.14,21,2,7,1e-04
10000,100,1,0.14,21,2,8,1e-04
10000,100,1,0.14,21,2,9,1e-04
10000,100,1,0.14,21,2,10,1e-04
10000,100,1,0.14,22,2,1,1e-04
10000,100,1,0.14,22,2,2,1e-04
10000,100,1,0.14,22,2,3,1e-04
10000,100,1,0.14,22,2,4,1e-04
10000,100,1,0.14,22,2,5,1e-04
10000,100,1,0.14,22,2,6,1e-04
10000,100,1,0.14,22,2,7,1e-04
10000,100,1,0.14,22,2,8,1e-04
10000,100,1,0.14,22,2,9,1e-04
10000,100,1,0.14,22,2,10,1e-04
10000,100,1,0.14,23,2,1,1e-04
10000,100,1,0.14,23,2,2,1e-04
10000,100,1,0.14,23,2,3,1e-04
10000,100,1,0.14,23,2,4,1e-04
10000,100,1,0.14,23,2,5,1e-04
10000,100,1,0.14,23,2,6,1e-04
10000,100,1,0.14,23,2,7,1e-04
10000,100,1,0.14,23,2,8,1e-04
10000,100,1,0.14,23,2,9,1e-04
10000,100,1,0.14,23,2,10,1e-04
10000,100,1,0.14,24,2,1,1e-04
10000,100,1,0.14,24,2,2,1e-04
10000,100,1,0.14,24,2,3,1e-04
10000,100,1,0.14,24,2,4,1e-04
10000,100,1,0.14,24,2,5,1e-04
10000,100,1,0.14,24,2,6,1e-04
10000,100,1,0.14,24,2,7,1e-04
10000,100,1,0.14,24,2,8,1e-04
10000,100,1,0.14,24,2,9,1e-04
10000,100,1,0.14,24,2,10,1e-04
10000,100,1,0.14,25,2,1,1e-04
10000,100,1,0.14,25,2,2,1e-04
10000,100,1,0.14,25,2,3,1e-04
10000,100,1,0.14,25,2,4,1e-04
10000,100,1,0.14,25,2,5,1e-04
10000,100,1,0.14,25,2,6,1e-04
10000,100,1,0.14,25,2,7,1e-04
10000,100,1,0.14,25,2,8,1e-04
10000,100,1,0.14,25,2,9,1e-04
10000,100,1,0.14,25,2,10,1e-04
10000,100,1,0.14,26,2,1,1e-04
10000,100,1,0.14,26,2,2,1e-04
10000,100,1,0.14,26,2,3,1e-04
10000,100,1,0.14,26,2,4,1e-04
10000,100,1,0.14,26,2,5,1e-04
10000,100,1,0.14,26,2,6,1e-04
10000,100,1,0.14,26,2,7,1e-04
10000,100,1,0.14,26,2,8,1e-04
10000,100,1,0.14,26,2,9,1e-04
10000,100,1,0.14,26,2,10,1e-04
10000,100,1,0.14,27,2,1,1e-04
10000,100,1,0.14,27,2,2,1e-04
10000,100,1,0.14,27,2,3,1e-04
10000,100,1,0.14,27,2,4,1e-04
10000,100,1,0.14,27,2,5,1e-04
10000,100,1,0.14,27,2,6,1e-04
10000,100,1,0.14,27,2,7,1e-04
10000,100,1,0.14,27,2,8,1e-04
10000,100,1,0.14,27,2,9,1e-04
10000,100,1,0.14,27,2,10,1e-04
10000,100,1,0.14,28,2,1,1e-04
10000,100,1,0.14,28,2,2,1e-04
10000,100,1,0.14,28,2,3,1e-04
10000,100,1,0.14,28,2,4,1e-04
10000,100,1,0.14,28,2,5,1e-04
10000,100,1,0.14,28,2,6,1e-04
10000,100,1,0.14,28,2,7,1e-04
10000,100,1,0.14,28,2,8,1e-04
10000,100,1,0.14,28,2,9,1e-04
10000,100,1,0.14,28,2,10,1e-04
10000,100,1,0.14,29,2,1,1e-04
10000,100,1,0.14,29,2,2,1e-04
10000,100,1,0.14,29,2,3,1e-04
10000,100,1,0.14,29,2,4,1e-04
10000,100,1,0.14,29,2,5,1e-04
10000,100,1,0.14,29,2,6,1e-04
10000,100,1,0.14,29,2,7,1e-04
10000,100,1,0.14,29,2,8,1e-04
10000,100,1,0.14,29,2,9,1e-04
10000,100,1,0.14,29,2,10,1e-04
10000,100,1,0.14,30,2,1,1e-04
10000,100,1,0.14,30,2,2,1e-04
10000,100,1,0.14,30,2,3,1e-04
10000,100,1,0.14,30,2,4,1e-04
10000,100,1,0.14,30,2,5,1e-04
10000,100,1,0.14,30,2,6,1e-04
10000,100,1,0.14,30,2,7,1e-04
10000,100,1,0.14,30,2,8,1e-04
10000,100,1,0.14,30,2,9,1e-04
10000,100,1,0.14,30,2,10,1e-04
10000,100,1,0.15,17,2,1,1e-04
10000,100,1,0.15,17,2,2,1e-04
10000,100,1,0.15,17,2,3,1e-04
10000,100,1,0.15,17,2,4,1e-04
10000,100,1,0.15,17,2,5,1e-04
10000,100,1,0.15,17,2,6,1e-04
10000,100,1,0.15,17,2,7,1e-04
10000,100,1,0.15,17,2,8,1e-04
10000,100,1,0.15,17,2,9,1e-04
10000,100,1,0.15,17,2,10,1e-04
10000,100,1,0.15,18,2,1,1e-04
10000,100,1,0.15,18,2,2,1e-04
10000,100,1,0.15,18,2,3,1e-04
10000,100,1,0.15,18,2,4,1e-04
10000,100,1,0.15,18,2,5,1e-04
10000,100,1,0.15,18,2,6,1e-04
10000,100,1,0.15,18,2,7,1e-04
10000,100,1,0.15,18,2,8,1e-04
10000,100,1,0.15,18,2,9,1e-04
10000,100,1,0.15,18,2,10,1e-04
10000,100,1,0.15,19,2,1,1e-04
10000,100,1,0.15,19,2,2,1e-04
10000,100,1,0.15,19,2,3,1e-04
10000,100,1,0.15,19,3,4,2e-04
10000,100,1,0.15,19,2,5,1e-04
10000,100,1,0.15,19,2,6,1e-04
10000,100,1,0.15,19,2,7,1e-04
10000,100,1,0.15,19,2,8,1e-04
10000,100,1,0.15,19,2,9,1e-04
10000,100,1,0.15,19,2,10,1e-04
10000,100,1,0.15,20,2,1,1e-04
10000,100,1,0.15,20,2,2,1e-04
10000,100,1,0.15,20,2,3,1e-04
10000,100,1,0.15,20,2,4,1e-04
10000,100,1,0.15,20,2,5,1e-04
10000,100,1,0.15,20,2,6,1e-04
10000,100,1,0.15,20,2,7,1e-04
10000,100,1,0.15,20,2,8,1e-04
10000,100,1,0.15,20,2,9,1e-04
10000,100,1,0.15,20,2,10,1e-04
10000,100,1,0.15,21,2,1,1e-04
10000,100,1,0.15,21,2,2,1e-04
10000,100,1,0.15,21,2,3,1e-04
10000,100,1,0.15,21,2,4,1e-04
10000,100,1,0.15,21,2,5,1e-04
10000,100,1,0.15,21,2,6,1e-04
10000,100,1,0.15,21,2,7,1e-04
10000,100,1,0.15,21,2,8,1e-04
10000,100,1,0.15,21,2,9,1e-04
10000,100,1,0.15,21,2,10,1e-04
10000,100,1,0.15,22,2,1,1e-04
10000,100,1,0.15,22,2,2,1e-04
10000,100,1,0.15,22,2,3,1e-04
10000,100,1,0.15,22,2,4,1e-04
10000,100,1,0.15,22,2,5,1e-04
10000,100,1,0.15,22,2,6,1e-04
10000,100,1,0.15,22,2,7,1e-04
10000,100,1,0.15,22,2,8,1e-04
10000,100,1,0.15,22,2,9,1e-04
10000,100,1,0.15,22,2,10,1e-04
10000,100,1,0.15,23,2,1,1e-04
10000,100,1,0.15,23,2,2,1e-04
10000,100,1,0.15,23,2,3,1e-04
10000,100,1,0.15,23,2,4,1e-04
10000,100,1,0.15,23,2,5,1e-04
10000,100,1,0.15,23,2,6,1e-04
10000,100,1,0.15,23,2,7,1e-04
10000,100,1,0.15,23,2,8,1e-04
10000,100,1,0.15,23,2,9,1e-04
10000,100,1,0.15,23,2,10,1e-04
10000,100,1,0.15,24,2,1,1e-04
10000,100,1,0.15,24,2,2,1e-04
10000,100,1,0.15,24,2,3,1e-04
10000,100,1,0.15,24,2,4,1e-04
10000,100,1,0.15,24,2,5,1e-04
10000,100,1,0.15,24,2,6,1e-04
10000,100,1,0.15,24,2,7,1e-04
10000,100,1,0.15,24,2,8,1e-04
10000,100,1,0.15,24,2,9,1e-04
10000,100,1,0.15,24,2,10,1e-04
10000,100,1,0.15,25,2,1,1e-04
10000,100,1,0.15,25,2,2,1e-04
10000,100,1,0.15,25,2,3,1e-04
10000,100,1,0.15,25,2,4,1e-04
10000,100,1,0.15,25,2,5,1e-04
10000,100,1,0.15,25,2,6,1e-04
10000,100,1,0.15,25,2,7,1e-04
10000,100,1,0.15,25,2,8,1e-04
10000,100,1,0.15,25,2,9,1e-04
10000,100,1,0.15,25,2,10,1e-04
10000,100,1,0.15,26,2,1,1e-04
10000,100,1,0.15,26,2,2,1e-04
10000,100,1,0.15,26,2,3,1e-04
10000,100,1,0.15,26,2,4,1e-04
10000,100,1,0.15,26,2,5,1e-04
10000,100,1,0.15,26,2,6,1e-04
10000,100,1,0.15,26,2,7,1e-04
10000,100,1,0.15,26,2,8,1e-04
10000,100,1,0.15,26,2,9,1e-04
10000,100,1,0.15,26,2,10,1e-04
10000,100,1,0.15,27,2,1,1e-04
10000,100,1,0.15,27,2,2,1e-04
10000,100,1,0.15,27,2,3,1e-04
10000,100,1,0.15,27,2,4,1e-04
10000,100,1,0.15,27,2,5,1e-04
10000,100,1,0.15,27,2,6,1e-04
10000,100,1,0.15,27,2,7,1e-04
10000,100,1,0.15,27,2,8,1e-04
10000,100,1,0.15,27,2,9,1e-04
10000,100,1,0.15,27,2,10,1e-04
10000,100,1,0.15,28,2,1,1e-04
10000,100,1,0.15,28,2,2,1e-04
10000,100,1,0.15,28,2,3,1e-04
10000,100,1,0.15,28,2,4,1e-04
10000,100,1,0.15,28,2,5,1e-04
10000,100,1,0.15,28,2,6,1e-04
10000,100,1,0.15,28,2,7,1e-04
10000,100,1,0.15,28,2,8,1e-04
10000,100,1,0.15,28,2,9,1e-04
10000,100,1,0.15,28,2,10,1e-04
10000,100,1,0.15,29,2,1,1e-04
10000,100,1,0.15,29,2,2,1e-04
10000,100,1,0.15,29,2,3,1e-04
10000,100,1,0.15,29,2,4,1e-04
10000,100,1,0.15,29,2,5,1e-04
10000,100,1,0.15,29,2,6,1e-04
10000,100,1,0.15,29,2,7,1e-04
10000,100,1,0.15,29,2,8,1e-04
10000,100,1,0.15,29,2,9,1e-04
10000,100,1,0.15,29,2,10,1e-04
10000,100,1,0.15,30,2,1,1e-04
10000,100,1,0.15,30,2,2,1e-04
10000,100,1,0.15,30,2,3,1e-04
10000,100,1,0.15,30,2,4,1e-04
10000,100,1,0.15,30,2,5,1e-04
10000,100,1,0.15,30,2,6,1e-04
10000,100,1,0.15,30,2,7,1e-04
10000,100,1,0.15,30,2,8,1e-04
10000,100,1,0.15,30,2,9,1e-04
10000,100,1,0.15,30,2,10,1e-04
10000,100,1,0.16,17,2,1,1e-04
10000,100,1,0.16,17,2,2,1e-04
10000,100,1,0.16,17,2,3,1e-04
10000,100,1,0.16,17,2,4,1e-04
10000,100,1,0.16,17,2,5,1e-04
10000,100,1,0.16,17,2,6,1e-04
10000,100,1,0.16,17,2,7,1e-04
10000,100,1,0.16,17,2,8,1e-04
10000,100,1,0.16,17,2,9,1e-04
10000,100,1,0.16,17,2,10,1e-04
10000,100,1,0.16,18,2,1,1e-04
10000,100,1,0.16,18,2,2,1e-04
10000,100,1,0.16,18,2,3,1e-04
10000,100,1,0.16,18,2,4,1e-04
10000,100,1,0.16,18,2,5,1e-04
10000,100,1,0.16,18,2,6,1e-04
10000,100,1,0.16,18,2,7,1e-04
10000,100,1,0.16,18,2,8,1e-04
10000,100,1,0.16,18,2,9,1e-04
10000,100,1,0.16,18,2,10,1e-04
10000,100,1,0.16,19,2,1,1e-04
10000,100,1,0.16,19,2,2,1e-04
10000,100,1,0.16,19,2,3,1e-04
10000,100,1,0.16,19,2,4,1e-04
10000,100,1,0.16,19,2,5,1e-04
10000,100,1,0.16,19,2,6,1e-04
10000,100,1,0.16,19,2,7,1e-04
10000,100,1,0.16,19,2,8,1e-04
10000,100,1,0.16,19,2,9,1e-04
10000,100,1,0.16,19,2,10,1e-04
10000,100,1,0.16,20,2,1,1e-04
10000,100,1,0.16,20,2,2,1e-04
10000,100,1,0.16,20,2,3,1e-04
10000,100,1,0.16,20,2,4,1e-04
10000,100,1,0.16,20,2,5,1e-04
10000,100,1,0.16,20,2,6,1e-04
10000,100,1,0.16,20,2,7,1e-04
10000,100,1,0.16,20,2,8,1e-04
10000,100,1,0.16,20,2,9,1e-04
10000,100,1,0.16,20,2,10,1e-04
10000,100,1,0.16,21,2,1,1e-04
10000,100,1,0.16,21,2,2,1e-04
10000,100,1,0.16,21,2,3,1e-04
10000,100,1,0.16,21,2,4,1e-04
10000,100,1,0.16,21,2,5,1e-04
10000,100,1,0.16,21,2,6,1e-04
10000,100,1,0.16,21,2,7,1e-04
10000,100,1,0.16,21,2,8,1e-04
10000,100,1,0.16,21,2,9,1e-04
10000,100,1,0.16,21,2,10,1e-04
10000,100,1,0.16,22,2,1,1e-04
10000,100,1,0.16,22,2,2,1e-04
10000,100,1,0.16,22,2,3,1e-04
10000,100,1,0.16,22,2,4,1e-04
10000,100,1,0.16,22,2,5,1e-04
10000,100,1,0.16,22,2,6,1e-04
10000,100,1,0.16,22,2,7,1e-04
10000,100,1,0.16,22,2,8,1e-04
10000,100,1,0.16,22,2,9,1e-04
10000,100,1,0.16,22,2,10,1e-04
10000,100,1,0.16,23,2,1,1e-04
10000,100,1,0.16,23,2,2,1e-04
10000,100,1,0.16,23,2,3,1e-04
10000,100,1,0.16,23,2,4,1e-04
10000,100,1,0.16,23,2,5,1e-04
10000,100,1,0.16,23,2,6,1e-04
10000,100,1,0.16,23,2,7,1e-04
10000,100,1,0.16,23,2,8,1e-04
10000,100,1,0.16,23,2,9,1e-04
10000,100,1,0.16,23,2,10,1e-04
10000,100,1,0.16,24,2,1,1e-04
10000,100,1,0.16,24,2,2,1e-04
10000,100,1,0.16,24,2,3,1e-04
10000,100,1,0.16,24,2,4,1e-04
10000,100,1,0.16,24,2,5,1e-04
10000,100,1,0.16,24,2,6,1e-04
10000,100,1,0.16,24,2,7,1e-04
10000,100,1,0.16,24,2,8,1e-04
10000,100,1,0.16,24,2,9,1e-04
10000,100,1,0.16,24,2,10,1e-04
10000,100,1,0.16,25,2,1,1e-04
10000,100,1,0.16,25,2,2,1e-04
10000,100,1,0.16,25,2,3,1e-04
10000,100,1,0.16,25,2,4,1e-04
10000,100,1,0.16,25,2,5,1e-04
10000,100,1,0.16,25,2,6,1e-04
10000,100,1,0.16,25,2,7,1e-04
10000,100,1,0.16,25,2,8,1e-04
10000,100,1,0.16,25,2,9,1e-04
10000,100,1,0.16,25,2,10,1e-04
10000,100,1,0.16,26,2,1,1e-04
10000,100,1,0.16,26,2,2,1e-04
10000,100,1,0.16,26,2,3,1e-04
10000,100,1,0.16,26,2,4,1e-04
10000,100,1,0.16,26,2,5,1e-04
10000,100,1,0.16,26,2,6,1e-04
10000,100,1,0.16,26,2,7,1e-04
10000,100,1,0.16,26,2,8,1e-04
10000,100,1,0.16,26,2,9,1e-04
10000,100,1,0.16,26,2,10,1e-04
10000,100,1,0.16,27,2,1,1e-04
10000,100,1,0.16,27,2,2,1e-04
10000,100,1,0.16,27,2,3,1e-04
10000,100,1,0.16,27,2,4,1e-04
10000,100,1,0.16,27,2,5,1e-04
10000,100,1,0.16,27,2,6,1e-04
10000,100,1,0.16,27,2,7,1e-04
10000,100,1,0.16,27,2,8,1e-04
10000,100,1,0.16,27,2,9,1e-04
10000,100,1,0.16,27,2,10,1e-04
10000,100,1,0.16,28,2,1,1e-04
10000,100,1,0.16,28,2,2,1e-04
10000,100,1,0.16,28,2,3,1e-04
10000,100,1,0.16,28,2,4,1e-04
10000,100,1,0.16,28,2,5,1e-04
10000,100,1,0.16,28,2,6,1e-04
10000,100,1,0.16,28,2,7,1e-04
10000,100,1,0.16,28,2,8,1e-04
10000,100,1,0.16,28,2,9,1e-04
10000,100,1,0.16,28,2,10,1e-04
10000,100,1,0.16,29,2,1,1e-04
10000,100,1,0.16,29,2,2,1e-04
10000,100,1,0.16,29,2,3,1e-04
10000,100,1,0.16,29,2,4,1e-04
10000,100,1,0.16,29,2,5,1e-04
10000,100,1,0.16,29,2,6,1e-04
10000,100,1,0.16,29,2,7,1e-04
10000,100,1,0.16,29,2,8,1e-04
10000,100,1,0.16,29,2,9,1e-04
10000,100,1,0.16,29,2,10,1e-04
10000,100,1,0.16,30,2,1,1e-04
10000,100,1,0.16,30,2,2,1e-04
10000,100,1,0.16,30,2,3,1e-04
10000,100,1,0.16,30,2,4,1e-04
10000,100,1,0.16,30,2,5,1e-04
10000,100,1,0.16,30,2,6,1e-04
10000,100,1,0.16,30,2,7,1e-04
10000,100,1,0.16,30,2,8,1e-04
10000,100,1,0.16,30,2,9,1e-04
10000,100,1,0.16,30,2,10,1e-04
10000,100,1,0.17,17,2,1,1e-04
10000,100,1,0.17,17,2,2,1e-04
10000,100,1,0.17,17,2,3,1e-04
10000,100,1,0.17,17,2,4,1e-04
10000,100,1,0.17,17,2,5,1e-04
10000,100,1,0.17,17,2,6,1e-04
10000,100,1,0.17,17,2,7,1e-04
10000,100,1,0.17,17,2,8,1e-04
10000,100,1,0.17,17,2,9,1e-04
10000,100,1,0.17,17,2,10,1e-04
10000,100,1,0.17,18,2,1,1e-04
10000,100,1,0.17,18,2,2,1e-04
10000,100,1,0.17,18,2,3,1e-04
10000,100,1,0.17,18,2,4,1e-04
10000,100,1,0.17,18,2,5,1e-04
10000,100,1,0.17,18,2,6,1e-04
10000,100,1,0.17,18,2,7,1e-04
10000,100,1,0.17,18,2,8,1e-04
10000,100,1,0.17,18,2,9,1e-04
10000,100,1,0.17,18,2,10,1e-04
10000,100,1,0.17,19,2,1,1e-04
10000,100,1,0.17,19,2,2,1e-04
10000,100,1,0.17,19,2,3,1e-04
10000,100,1,0.17,19,2,4,1e-04
10000,100,1,0.17,19,2,5,1e-04
10000,100,1,0.17,19,2,6,1e-04
10000,100,1,0.17,19,2,7,1e-04
10000,100,1,0.17,19,2,8,1e-04
10000,100,1,0.17,19,2,9,1e-04
10000,100,1,0.17,19,2,10,1e-04
10000,100,1,0.17,20,2,1,1e-04
10000,100,1,0.17,20,2,2,1e-04
10000,100,1,0.17,20,2,3,1e-04
10000,100,1,0.17,20,2,4,1e-04
10000,100,1,0.17,20,2,5,1e-04
10000,100,1,0.17,20,2,6,1e-04
10000,100,1,0.17,20,2,7,1e-04
10000,100,1,0.17,20,2,8,1e-04
10000,100,1,0.17,20,2,9,1e-04
10000,100,1,0.17,20,2,10,1e-04
10000,100,1,0.17,21,2,1,1e-04
10000,100,1,0.17,21,2,2,1e-04
10000,100,1,0.17,21,2,3,1e-04
10000,100,1,0.17,21,2,4,1e-04
10000,100,1,0.17,21,2,5,1e-04
10000,100,1,0.17,21,2,6,1e-04
10000,100,1,0.17,21,2,7,1e-04
10000,100,1,0.17,21,2,8,1e-04
10000,100,1,0.17,21,2,9,1e-04
10000,100,1,0.17,21,2,10,1e-04
10000,100,1,0.17,22,2,1,1e-04
10000,100,1,0.17,22,2,2,1e-04
10000,100,1,0.17,22,2,3,1e-04
10000,100,1,0.17,22,2,4,1e-04
10000,100,1,0.17,22,2,5,1e-04
10000,100,1,0.17,22,2,6,1e-04
10000,100,1,0.17,22,2,7,1e-04
10000,100,1,0.17,22,2,8,1e-04
10000,100,1,0.17,22,2,9,1e-04
10000,100,1,0.17,22,2,10,1e-04
10000,100,1,0.17,23,2,1,1e-04
10000,100,1,0.17,23,2,2,1e-04
10000,100,1,0.17,23,2,3,1e-04
10000,100,1,0.17,23,2,4,1e-04
10000,100,1,0.17,23,2,5,1e-04
10000,100,1,0.17,23,2,6,1e-04
10000,100,1,0.17,23,2,7,1e-04
10000,100,1,0.17,23,2,8,1e-04
10000,100,1,0.17,23,2,9,1e-04
10000,100,1,0.17,23,2,10,1e-04
10000,100,1,0.17,24,2,1,1e-04
10000,100,1,0.17,24,2,2,1e-04
10000,100,1,0.17,24,2,3,1e-04
10000,100,1,0.17,24,2,4,1e-04
10000,100,1,0.17,24,2,5,1e-04
10000,100,1,0.17,24,2,6,1e-04
10000,100,1,0.17,24,2,7,1e-04
10000,100,1,0.17,24,2,8,1e-04
10000,100,1,0.17,24,2,9,1e-04
10000,100,1,0.17,24,2,10,1e-04
10000,100,1,0.17,25,2,1,1e-04
10000,100,1,0.17,25,2,2,1e-04
10000,100,1,0.17,25,2,3,1e-04
10000,100,1,0.17,25,2,4,1e-04
10000,100,1,0.17,25,2,5,1e-04
10000,100,1,0.17,25,2,6,1e-04
10000,100,1,0.17,25,2,7,1e-04
10000,100,1,0.17,25,2,8,1e-04
10000,100,1,0.17,25,2,9,1e-04
10000,100,1,0.17,25,2,10,1e-04
10000,100,1,0.17,26,2,1,1e-04
10000,100,1,0.17,26,2,2,1e-04
10000,100,1,0.17,26,2,3,1e-04
10000,100,1,0.17,26,2,4,1e-04
10000,100,1,0.17,26,2,5,1e-04
10000,100,1,0.17,26,2,6,1e-04
10000,100,1,0.17,26,2,7,1e-04
10000,100,1,0.17,26,2,8,1e-04
10000,100,1,0.17,26,2,9,1e-04
10000,100,1,0.17,26,2,10,1e-04
10000,100,1,0.17,27,2,1,1e-04
10000,100,1,0.17,27,2,2,1e-04
10000,100,1,0.17,27,2,3,1e-04
10000,100,1,0.17,27,2,4,1e-04
10000,100,1,0.17,27,2,5,1e-04
10000,100,1,0.17,27,2,6,1e-04
10000,100,1,0.17,27,2,7,1e-04
10000,100,1,0.17,27,2,8,1e-04
10000,100,1,0.17,27,2,9,1e-04
10000,100,1,0.17,27,2,10,1e-04
10000,100,1,0.17,28,2,1,1e-04
10000,100,1,0.17,28,2,2,1e-04
10000,100,1,0.17,28,2,3,1e-04
10000,100,1,0.17,28,2,4,1e-04
10000,100,1,0.17,28,2,5,1e-04
10000,100,1,0.17,28,2,6,1e-04
10000,100,1,0.17,28,2,7,1e-04
10000,100,1,0.17,28,2,8,1e-04
10000,100,1,0.17,28,2,9,1e-04
10000,100,1,0.17,28,2,10,1e-04
10000,100,1,0.17,29,2,1,1e-04
10000,100,1,0.17,29,2,2,1e-04
10000,100,1,0.17,29,2,3,1e-04
10000,100,1,0.17,29,2,4,1e-04
10000,100,1,0.17,29,2,5,1e-04
10000,100,1,0.17,29,2,6,1e-04
10000,100,1,0.17,29,2,7,1e-04
10000,100,1,0.17,29,2,8,1e-04
10000,100,1,0.17,29,2,9,1e-04
10000,100,1,0.17,29,2,10,1e-04
10000,100,1,0.17,30,2,1,1e-04
10000,100,1,0.17,30,2,2,1e-04
10000,100,1,0.17,30,2,3,1e-04
10000,100,1,0.17,30,2,4,1e-04
10000,100,1,0.17,30,2,5,1e-04
10000,100,1,0.17,30,2,6,1e-04
10000,100,1,0.17,30,2,7,1e-04
10000,100,1,0.17,30,2,8,1e-04
10000,100,1,0.17,30,2,9,1e-04
10000,100,1,0.17,30,2,10,1e-04
10000,100,1,0.18,17,2,1,1e-04
10000,100,1,0.18,17,2,2,1e-04
10000,100,1,0.18,17,2,3,1e-04
10000,100,1,0.18,17,2,4,1e-04
10000,100,1,0.18,17,2,5,1e-04
10000,100,1,0.18,17,2,6,1e-04
10000,100,1,0.18,17,2,7,1e-04
10000,100,1,0.18,17,2,8,1e-04
10000,100,1,0.18,17,2,9,1e-04
10000,100,1,0.18,17,2,10,1e-04
10000,100,1,0.18,18,2,1,1e-04
10000,100,1,0.18,18,2,2,1e-04
10000,100,1,0.18,18,2,3,1e-04
10000,100,1,0.18,18,2,4,1e-04
10000,100,1,0.18,18,2,5,1e-04
10000,100,1,0.18,18,2,6,1e-04
10000,100,1,0.18,18,2,7,1e-04
10000,100,1,0.18,18,2,8,1e-04
10000,100,1,0.18,18,2,9,1e-04
10000,100,1,0.18,18,2,10,1e-04
10000,100,1,0.18,19,2,1,1e-04
10000,100,1,0.18,19,2,2,1e-04
10000,100,1,0.18,19,2,3,1e-04
10000,100,1,0.18,19,2,4,1e-04
10000,100,1,0.18,19,2,5,1e-04
10000,100,1,0.18,19,2,6,1e-04
10000,100,1,0.18,19,2,7,1e-04
10000,100,1,0.18,19,2,8,1e-04
10000,100,1,0.18,19,2,9,1e-04
10000,100,1,0.18,19,2,10,1e-04
10000,100,1,0.18,20,2,1,1e-04
10000,100,1,0.18,20,2,2,1e-04
10000,100,1,0.18,20,2,3,1e-04
10000,100,1,0.18,20,2,4,1e-04
10000,100,1,0.18,20,2,5,1e-04
10000,100,1,0.18,20,2,6,1e-04
10000,100,1,0.18,20,2,7,1e-04
10000,100,1,0.18,20,2,8,1e-04
10000,100,1,0.18,20,2,9,1e-04
10000,100,1,0.18,20,2,10,1e-04
10000,100,1,0.18,21,2,1,1e-04
10000,100,1,0.18,21,2,2,1e-04
10000,100,1,0.18,21,2,3,1e-04
10000,100,1,0.18,21,2,4,1e-04
10000,100,1,0.18,21,2,5,1e-04
10000,100,1,0.18,21,2,6,1e-04
10000,100,1,0.18,21,2,7,1e-04
10000,100,1,0.18,21,2,8,1e-04
10000,100,1,0.18,21,2,9,1e-04
10000,100,1,0.18,21,2,10,1e-04
10000,100,1,0.18,22,2,1,1e-04
10000,100,1,0.18,22,2,2,1e-04
10000,100,1,0.18,22,2,3,1e-04
10000,100,1,0.18,22,2,4,1e-04
10000,100,1,0.18,22,2,5,1e-04
10000,100,1,0.18,22,2,6,1e-04
10000,100,1,0.18,22,2,7,1e-04
10000,100,1,0.18,22,2,8,1e-04
10000,100,1,0.18,22,2,9,1e-04
10000,100,1,0.18,22,2,10,1e-04
10000,100,1,0.18,23,2,1,1e-04
10000,100,1,0.18,23,2,2,1e-04
10000,100,1,0.18,23,2,3,1e-04
10000,100,1,0.18,23,2,4,1e-04
10000,100,1,0.18,23,2,5,1e-04
10000,100,1,0.18,23,2,6,1e-04
10000,100,1,0.18,23,2,7,1e-04
10000,100,1,0.18,23,2,8,1e-04
10000,100,1,0.18,23,2,9,1e-04
10000,100,1,0.18,23,2,10,1e-04
10000,100,1,0.18,24,2,1,1e-04
10000,100,1,0.18,24,2,2,1e-04
10000,100,1,0.18,24,2,3,1e-04
10000,100,1,0.18,24,2,4,1e-04
10000,100,1,0.18,24,2,5,1e-04
10000,100,1,0.18,24,2,6,1e-04
10000,100,1,0.18,24,2,7,1e-04
10000,100,1,0.18,24,2,8,1e-04
10000,100,1,0.18,24,2,9,1e-04
10000,100,1,0.18,24,2,10,1e-04
10000,100,1,0.18,25,2,1,1e-04
10000,100,1,0.18,25,2,2,1e-04
10000,100,1,0.18,25,2,3,1e-04
10000,100,1,0.18,25,2,4,1e-04
10000,100,1,0.18,25,2,5,1e-04
10000,100,1,0.18,25,2,6,1e-04
10000,100,1,0.18,25,2,7,1e-04
10000,100,1,0.18,25,2,8,1e-04
10000,100,1,0.18,25,2,9,1e-04
10000,100,1,0.18,25,2,10,1e-04
10000,100,1,0.18,26,2,1,1e-04
10000,100,1,0.18,26,2,2,1e-04
10000,100,1,0.18,26,2,3,1e-04
10000,100,1,0.18,26,2,4,1e-04
10000,100,1,0.18,26,2,5,1e-04
10000,100,1,0.18,26,2,6,1e-04
10000,100,1,0.18,26,2,7,1e-04
10000,100,1,0.18,26,2,8,1e-04
10000,100,1,0.18,26,2,9,1e-04
10000,100,1,0.18,26,2,10,1e-04
10000,100,1,0.18,27,2,1,1e-04
10000,100,1,0.18,27,2,2,1e-04
10000,100,1,0.18,27,2,3,1e-04
10000,100,1,0.18,27,2,4,1e-04
10000,100,1,0.18,27,2,5,1e-04
10000,100,1,0.18,27,2,6,1e-04
10000,100,1,0.18,27,2,7,1e-04
10000,100,1,0.18,27,2,8,1e-04
10000,100,1,0.18,27,2,9,1e-04
10000,100,1,0.18,27,2,10,1e-04
10000,100,1,0.18,28,2,1,1e-04
10000,100,1,0.18,28,2,2,1e-04
10000,100,1,0.18,28,2,3,1e-04
10000,100,1,0.18,28,2,4,1e-04
10000,100,1,0.18,28,2,5,1e-04
10000,100,1,0.18,28,2,6,1e-04
10000,100,1,0.18,28,2,7,1e-04
10000,100,1,0.18,28,2,8,1e-04
10000,100,1,0.18,28,2,9,1e-04
10000,100,1,0.18,28,2,10,1e-04
10000,100,1,0.18,29,2,1,1e-04
10000,100,1,0.18,29,2,2,1e-04
10000,100,1,0.18,29,2,3,1e-04
10000,100,1,0.18,29,2,4,1e-04
10000,100,1,0.18,29,2,5,1e-04
10000,100,1,0.18,29,2,6,1e-04
10000,100,1,0.18,29,2,7,1e-04
10000,100,1,0.18,29,2,8,1e-04
10000,100,1,0.18,29,2,9,1e-04
10000,100,1,0.18,29,2,10,1e-04
10000,100,1,0.18,30,2,1,1e-04
10000,100,1,0.18,30,2,2,1e-04
10000,100,1,0.18,30,2,3,1e-04
10000,100,1,0.18,30,2,4,1e-04
10000,100,1,0.18,30,2,5,1e-04
10000,100,1,0.18,30,2,6,1e-04
10000,100,1,0.18,30,2,7,1e-04
10000,100,1,0.18,30,2,8,1e-04
10000,100,1,0.18,30,2,9,1e-04
10000,100,1,0.18,30,2,10,1e-04
10000,100,1,0.19,17,2,1,1e-04
10000,100,1,0.19,17,2,2,1e-04
10000,100,1,0.19,17,2,3,1e-04
10000,100,1,0.19,17,2,4,1e-04
10000,100,1,0.19,17,2,5,1e-04
10000,100,1,0.19,17,2,6,1e-04
10000,100,1,0.19,17,2,7,1e-04
10000,100,1,0.19,17,2,8,1e-04
10000,100,1,0.19,17,2,9,1e-04
10000,100,1,0.19,17,2,10,1e-04
10000,100,1,0.19,18,2,1,1e-04
10000,100,1,0.19,18,2,2,1e-04
10000,100,1,0.19,18,2,3,1e-04
10000,100,1,0.19,18,2,4,1e-04
10000,100,1,0.19,18,2,5,1e-04
10000,100,1,0.19,18,2,6,1e-04
10000,100,1,0.19,18,2,7,1e-04
10000,100,1,0.19,18,2,8,1e-04
10000,100,1,0.19,18,2,9,1e-04
10000,100,1,0.19,18,2,10,1e-04
10000,100,1,0.19,19,2,1,1e-04
10000,100,1,0.19,19,2,2,1e-04
10000,100,1,0.19,19,2,3,1e-04
10000,100,1,0.19,19,2,4,1e-04
10000,100,1,0.19,19,2,5,1e-04
10000,100,1,0.19,19,2,6,1e-04
10000,100,1,0.19,19,2,7,1e-04
10000,100,1,0.19,19,2,8,1e-04
10000,100,1,0.19,19,2,9,1e-04
10000,100,1,0.19,19,2,10,1e-04
10000,100,1,0.19,20,2,1,1e-04
10000,100,1,0.19,20,2,2,1e-04
10000,100,1,0.19,20,2,3,1e-04
10000,100,1,0.19,20,2,4,1e-04
10000,100,1,0.19,20,2,5,1e-04
10000,100,1,0.19,20,2,6,1e-04
10000,100,1,0.19,20,2,7,1e-04
10000,100,1,0.19,20,2,8,1e-04
10000,100,1,0.19,20,2,9,1e-04
10000,100,1,0.19,20,2,10,1e-04
10000,100,1,0.19,21,2,1,1e-04
10000,100,1,0.19,21,2,2,1e-04
10000,100,1,0.19,21,2,3,1e-04
10000,100,1,0.19,21,2,4,1e-04
10000,100,1,0.19,21,2,5,1e-04
10000,100,1,0.19,21,2,6,1e-04
10000,100,1,0.19,21,2,7,1e-04
10000,100,1,0.19,21,2,8,1e-04
10000,100,1,0.19,21,2,9,1e-04
10000,100,1,0.19,21,2,10,1e-04
10000,100,1,0.19,22,2,1,1e-04
10000,100,1,0.19,22,2,2,1e-04
10000,100,1,0.19,22,2,3,1e-04
10000,100,1,0.19,22,2,4,1e-04
10000,100,1,0.19,22,2,5,1e-04
10000,100,1,0.19,22,2,6,1e-04
10000,100,1,0.19,22,2,7,1e-04
10000,100,1,0.19,22,2,8,1e-04
10000,100,1,0.19,22,2,9,1e-04
10000,100,1,0.19,22,2,10,1e-04
10000,100,1,0.19,23,2,1,1e-04
10000,100,1,0.19,23,2,2,1e-04
10000,100,1,0.19,23,2,3,1e-04
10000,100,1,0.19,23,2,4,1e-04
10000,100,1,0.19,23,2,5,1e-04
10000,100,1,0.19,23,2,6,1e-04
10000,100,1,0.19,23,2,7,1e-04
10000,100,1,0.19,23,2,8,1e-04
10000,100,1,0.19,23,2,9,1e-04
10000,100,1,0.19,23,2,10,1e-04
10000,100,1,0.19,24,2,1,1e-04
10000,100,1,0.19,24,2,2,1e-04
10000,100,1,0.19,24,2,3,1e-04
10000,100,1,0.19,24,2,4,1e-04
10000,100,1,0.19,24,2,5,1e-04
10000,100,1,0.19,24,2,6,1e-04
10000,100,1,0.19,24,2,7,1e-04
10000,100,1,0.19,24,2,8,1e-04
10000,100,1,0.19,24,2,9,1e-04
10000,100,1,0.19,24,2,10,1e-04
10000,100,1,0.19,25,2,1,1e-04
10000,100,1,0.19,25,2,2,1e-04
10000,100,1,0.19,25,2,3,1e-04
10000,100,1,0.19,25,2,4,1e-04
10000,100,1,0.19,25,2,5,1e-04
10000,100,1,0.19,25,2,6,1e-04
10000,100,1,0.19,25,2,7,1e-04
10000,100,1,0.19,25,2,8,1e-04
10000,100,1,0.19,25,2,9,1e-04
10000,100,1,0.19,25,2,10,1e-04
10000,100,1,0.19,26,2,1,1e-04
10000,100,1,0.19,26,2,2,1e-04
10000,100,1,0.19,26,2,3,1e-04
10000,100,1,0.19,26,2,4,1e-04
10000,100,1,0.19,26,2,5,1e-04
10000,100,1,0.19,26,2,6,1e-04
10000,100,1,0.19,26,2,7,1e-04
10000,100,1,0.19,26,2,8,1e-04
10000,100,1,0.19,26,2,9,1e-04
10000,100,1,0.19,26,2,10,1e-04
10000,100,1,0.19,27,2,1,1e-04
10000,100,1,0.19,27,2,2,1e-04
10000,100,1,0.19,27,2,3,1e-04
10000,100,1,0.19,27,2,4,1e-04
10000,100,1,0.19,27,2,5,1e-04
10000,100,1,0.19,27,2,6,1e-04
10000,100,1,0.19,27,2,7,1e-04
10000,100,1,0.19,27,2,8,1e-04
10000,100,1,0.19,27,2,9,1e-04
10000,100,1,0.19,27,2,10,1e-04
10000,100,1,0.19,28,2,1,1e-04
10000,100,1,0.19,28,2,2,1e-04
10000,100,1,0.19,28,2,3,1e-04
10000,100,1,0.19,28,2,4,1e-04
10000,100,1,0.19,28,2,5,1e-04
10000,100,1,0.19,28,2,6,1e-04
10000,100,1,0.19,28,2,7,1e-04
10000,100,1,0.19,28,2,8,1e-04
10000,100,1,0.19,28,2,9,1e-04
10000,100,1,0.19,28,2,10,1e-04
10000,100,1,0.19,29,2,1,1e-04
10000,100,1,0.19,29,2,2,1e-04
10000,100,1,0.19,29,2,3,1e-04
10000,100,1,0.19,29,2,4,1e-04
10000,100,1,0.19,29,2,5,1e-04
10000,100,1,0.19,29,2,6,1e-04
10000,100,1,0.19,29,2,7,1e-04
10000,100,1,0.19,29,2,8,1e-04
10000,100,1,0.19,29,2,9,1e-04
10000,100,1,0.19,29,2,10,1e-04
10000,100,1,0.19,30,2,1,1e-04
10000,100,1,0.19,30,2,2,1e-04
10000,100,1,0.19,30,2,3,1e-04
10000,100,1,0.19,30,2,4,1e-04
10000,100,1,0.19,30,2,5,1e-04
10000,100,1,0.19,30,2,6,1e-04
10000,100,1,0.19,30,2,7,1e-04
10000,100,1,0.19,30,2,8,1e-04
10000,100,1,0.19,30,2,9,1e-04
10000,100,1,0.19,30,2,10,1e-04
10000,100,1,0.2,17,2,1,1e-04
10000,100,1,0.2,17,2,2,1e-04
10000,100,1,0.2,17,2,3,1e-04
10000,100,1,0.2,17,2,4,1e-04
10000,100,1,0.2,17,2,5,1e-04
10000,100,1,0.2,17,2,6,1e-04
10000,100,1,0.2,17,2,7,1e-04
10000,100,1,0.2,17,2,8,1e-04
10000,100,1,0.2,17,2,9,1e-04
10000,100,1,0.2,17,2,10,1e-04
10000,100,1,0.2,18,2,1,1e-04
10000,100,1,0.2,18,2,2,1e-04
10000,100,1,0.2,18,2,3,1e-04
10000,100,1,0.2,18,2,4,1e-04
10000,100,1,0.2,18,2,5,1e-04
10000,100,1,0.2,18,2,6,1e-04
10000,100,1,0.2,18,2,7,1e-04
10000,100,1,0.2,18,2,8,1e-04
10000,100,1,0.2,18,2,9,1e-04
10000,100,1,0.2,18,2,10,1e-04
10000,100,1,0.2,19,2,1,1e-04
10000,100,1,0.2,19,2,2,1e-04
10000,100,1,0.2,19,2,3,1e-04
10000,100,1,0.2,19,2,4,1e-04
10000,100,1,0.2,19,2,5,1e-04
10000,100,1,0.2,19,2,6,1e-04
10000,100,1,0.2,19,2,7,1e-04
10000,100,1,0.2,19,2,8,1e-04
10000,100,1,0.2,19,2,9,1e-04
10000,100,1,0.2,19,2,10,1e-04
10000,100,1,0.2,20,2,1,1e-04
10000,100,1,0.2,20,2,2,1e-04
10000,100,1,0.2,20,2,3,1e-04
10000,100,1,0.2,20,2,4,1e-04
10000,100,1,0.2,20,2,5,1e-04
10000,100,1,0.2,20,2,6,1e-04
10000,100,1,0.2,20,2,7,1e-04
10000,100,1,0.2,20,2,8,1e-04
10000,100,1,0.2,20,2,9,1e-04
10000,100,1,0.2,20,2,10,1e-04
10000,100,1,0.2,21,2,1,1e-04
10000,100,1,0.2,21,2,2,1e-04
10000,100,1,0.2,21,2,3,1e-04
10000,100,1,0.2,21,2,4,1e-04
10000,100,1,0.2,21,2,5,1e-04
10000,100,1,0.2,21,2,6,1e-04
10000,100,1,0.2,21,2,7,1e-04
10000,100,1,0.2,21,2,8,1e-04
10000,100,1,0.2,21,2,9,1e-04
10000,100,1,0.2,21,2,10,1e-04
10000,100,1,0.2,22,2,1,1e-04
10000,100,1,0.2,22,2,2,1e-04
10000,100,1,0.2,22,2,3,1e-04
10000,100,1,0.2,22,2,4,1e-04
10000,100,1,0.2,22,2,5,1e-04
10000,100,1,0.2,22,2,6,1e-04
10000,100,1,0.2,22,2,7,1e-04
10000,100,1,0.2,22,2,8,1e-04
10000,100,1,0.2,22,2,9,1e-04
10000,100,1,0.2,22,2,10,1e-04
10000,100,1,0.2,23,2,1,1e-04
10000,100,1,0.2,23,2,2,1e-04
10000,100,1,0.2,23,2,3,1e-04
10000,100,1,0.2,23,2,4,1e-04
10000,100,1,0.2,23,2,5,1e-04
10000,100,1,0.2,23,2,6,1e-04
10000,100,1,0.2,23,2,7,1e-04
10000,100,1,0.2,23,2,8,1e-04
10000,100,1,0.2,23,2,9,1e-04
10000,100,1,0.2,23,2,10,1e-04
10000,100,1,0.2,24,2,1,1e-04
10000,100,1,0.2,24,2,2,1e-04
10000,100,1,0.2,24,2,3,1e-04
10000,100,1,0.2,24,2,4,1e-04
10000,100,1,0.2,24,2,5,1e-04
10000,100,1,0.2,24,2,6,1e-04
10000,100,1,0.2,24,2,7,1e-04
10000,100,1,0.2,24,2,8,1e-04
10000,100,1,0.2,24,2,9,1e-04
10000,100,1,0.2,24,2,10,1e-04
10000,100,1,0.2,25,2,1,1e-04
10000,100,1,0.2,25,2,2,1e-04
10000,100,1,0.2,25,2,3,1e-04
10000,100,1,0.2,25,2,4,1e-04
10000,100,1,0.2,25,2,5,1e-04
10000,100,1,0.2,25,2,6,1e-04
10000,100,1,0.2,25,2,7,1e-04
10000,100,1,0.2,25,2,8,1e-04
10000,100,1,0.2,25,2,9,1e-04
10000,100,1,0.2,25,2,10,1e-04
10000,100,1,0.2,26,2,1,1e-04
10000,100,1,0.2,26,2,2,1e-04
10000,100,1,0.2,26,2,3,1e-04
10000,100,1,0.2,26,2,4,1e-04
10000,100,1,0.2,26,2,5,1e-04
10000,100,1,0.2,26,2,6,1e-04
10000,100,1,0.2,26,2,7,1e-04
10000,100,1,0.2,26,2,8,1e-04
10000,100,1,0.2,26,2,9,1e-04
10000,100,1,0.2,26,2,10,1e-04
10000,100,1,0.2,27,2,1,1e-04
10000,100,1,0.2,27,2,2,1e-04
10000,100,1,0.2,27,2,3,1e-04
10000,100,1,0.2,27,2,4,1e-04
10000,100,1,0.2,27,2,5,1e-04
10000,100,1,0.2,27,2,6,1e-04
10000,100,1,0.2,27,2,7,1e-04
10000,100,1,0.2,27,2,8,1e-04
10000,100,1,0.2,27,2,9,1e-04
10000,100,1,0.2,27,2,10,1e-04
10000,100,1,0.2,28,2,1,1e-04
10000,100,1,0.2,28,2,2,1e-04
10000,100,1,0.2,28,2,3,1e-04
10000,100,1,0.2,28,2,4,1e-04
10000,100,1,0.2,28,2,5,1e-04
10000,100,1,0.2,28,2,6,1e-04
10000,100,1,0.2,28,2,7,1e-04
10000,100,1,0.2,28,2,8,1e-04
10000,100,1,0.2,28,2,9,1e-04
10000,100,1,0.2,28,2,10,1e-04
10000,100,1,0.2,29,2,1,1e-04
10000,100,1,0.2,29,2,2,1e-04
10000,100,1,0.2,29,2,3,1e-04
10000,100,1,0.2,29,2,4,1e-04
10000,100,1,0.2,29,2,5,1e-04
10000,100,1,0.2,29,2,6,1e-04
10000,100,1,0.2,29,2,7,1e-04
10000,100,1,0.2,29,2,8,1e-04
10000,100,1,0.2,29,2,9,1e-04
10000,100,1,0.2,29,2,10,1e-04
10000,100,1,0.2,30,2,1,1e-04
10000,100,1,0.2,30,2,2,1e-04
10000,100,1,0.2,30,2,3,1e-04
10000,100,1,0.2,30,2,4,1e-04
10000,100,1,0.2,30,2,5,1e-04
10000,100,1,0.2,30,2,6,1e-04
10000,100,1,0.2,30,2,7,1e-04
10000,100,1,0.2,30,2,8,1e-04
10000,100,1,0.2,30,2,9,1e-04
10000,100,1,0.2,30,2,10,1e-04
10000,100,1,0.21,17,2,1,1e-04
10000,100,1,0.21,17,2,2,1e-04
10000,100,1,0.21,17,2,3,1e-04
10000,100,1,0.21,17,2,4,1e-04
10000,100,1,0.21,17,2,5,1e-04
10000,100,1,0.21,17,2,6,1e-04
10000,100,1,0.21,17,2,7,1e-04
10000,100,1,0.21,17,2,8,1e-04
10000,100,1,0.21,17,2,9,1e-04
10000,100,1,0.21,17,2,10,1e-04
10000,100,1,0.21,18,2,1,1e-04
10000,100,1,0.21,18,2,2,1e-04
10000,100,1,0.21,18,2,3,1e-04
10000,100,1,0.21,18,2,4,1e-04
10000,100,1,0.21,18,2,5,1e-04
10000,100,1,0.21,18,2,6,1e-04
10000,100,1,0.21,18,2,7,1e-04
10000,100,1,0.21,18,2,8,1e-04
10000,100,1,0.21,18,2,9,1e-04
10000,100,1,0.21,18,2,10,1e-04
10000,100,1,0.21,19,2,1,1e-04
10000,100,1,0.21,19,2,2,1e-04
10000,100,1,0.21,19,2,3,1e-04
10000,100,1,0.21,19,2,4,1e-04
10000,100,1,0.21,19,2,5,1e-04
10000,100,1,0.21,19,2,6,1e-04
10000,100,1,0.21,19,2,7,1e-04
10000,100,1,0.21,19,2,8,1e-04
10000,100,1,0.21,19,2,9,1e-04
10000,100,1,0.21,19,2,10,1e-04
10000,100,1,0.21,20,2,1,1e-04
10000,100,1,0.21,20,2,2,1e-04
10000,100,1,0.21,20,2,3,1e-04
10000,100,1,0.21,20,2,4,1e-04
10000,100,1,0.21,20,2,5,1e-04
10000,100,1,0.21,20,2,6,1e-04
10000,100,1,0.21,20,2,7,1e-04
10000,100,1,0.21,20,2,8,1e-04
10000,100,1,0.21,20,2,9,1e-04
10000,100,1,0.21,20,2,10,1e-04
10000,100,1,0.21,21,2,1,1e-04
10000,100,1,0.21,21,2,2,1e-04
10000,100,1,0.21,21,2,3,1e-04
10000,100,1,0.21,21,2,4,1e-04
10000,100,1,0.21,21,2,5,1e-04
10000,100,1,0.21,21,2,6,1e-04
10000,100,1,0.21,21,2,7,1e-04
10000,100,1,0.21,21,2,8,1e-04
10000,100,1,0.21,21,2,9,1e-04
10000,100,1,0.21,21,2,10,1e-04
10000,100,1,0.21,22,2,1,1e-04
10000,100,1,0.21,22,2,2,1e-04
10000,100,1,0.21,22,2,3,1e-04
10000,100,1,0.21,22,2,4,1e-04
10000,100,1,0.21,22,2,5,1e-04
10000,100,1,0.21,22,2,6,1e-04
10000,100,1,0.21,22,2,7,1e-04
10000,100,1,0.21,22,2,8,1e-04
10000,100,1,0.21,22,2,9,1e-04
10000,100,1,0.21,22,2,10,1e-04
10000,100,1,0.21,23,2,1,1e-04
10000,100,1,0.21,23,2,2,1e-04
10000,100,1,0.21,23,2,3,1e-04
10000,100,1,0.21,23,2,4,1e-04
10000,100,1,0.21,23,2,5,1e-04
10000,100,1,0.21,23,2,6,1e-04
10000,100,1,0.21,23,2,7,1e-04
10000,100,1,0.21,23,2,8,1e-04
10000,100,1,0.21,23,2,9,1e-04
10000,100,1,0.21,23,2,10,1e-04
10000,100,1,0.21,24,2,1,1e-04
10000,100,1,0.21,24,2,2,1e-04
10000,100,1,0.21,24,2,3,1e-04
10000,100,1,0.21,24,2,4,1e-04
10000,100,1,0.21,24,2,5,1e-04
10000,100,1,0.21,24,2,6,1e-04
10000,100,1,0.21,24,2,7,1e-04
10000,100,1,0.21,24,2,8,1e-04
10000,100,1,0.21,24,2,9,1e-04
10000,100,1,0.21,24,2,10,1e-04
10000,100,1,0.21,25,2,1,1e-04
10000,100,1,0.21,25,2,2,1e-04
10000,100,1,0.21,25,2,3,1e-04
10000,100,1,0.21,25,2,4,1e-04
10000,100,1,0.21,25,2,5,1e-04
10000,100,1,0.21,25,2,6,1e-04
10000,100,1,0.21,25,2,7,1e-04
10000,100,1,0.21,25,2,8,1e-04
10000,100,1,0.21,25,2,9,1e-04
10000,100,1,0.21,25,2,10,1e-04
10000,100,1,0.21,26,2,1,1e-04
10000,100,1,0.21,26,2,2,1e-04
10000,100,1,0.21,26,2,3,1e-04
10000,100,1,0.21,26,2,4,1e-04
10000,100,1,0.21,26,2,5,1e-04
10000,100,1,0.21,26,2,6,1e-04
10000,100,1,0.21,26,2,7,1e-04
10000,100,1,0.21,26,2,8,1e-04
10000,100,1,0.21,26,2,9,1e-04
10000,100,1,0.21,26,2,10,1e-04
10000,100,1,0.21,27,2,1,1e-04
10000,100,1,0.21,27,2,2,1e-04
10000,100,1,0.21,27,2,3,1e-04
10000,100,1,0.21,27,2,4,1e-04
10000,100,1,0.21,27,2,5,1e-04
10000,100,1,0.21,27,2,6,1e-04
10000,100,1,0.21,27,2,7,1e-04
10000,100,1,0.21,27,2,8,1e-04
10000,100,1,0.21,27,2,9,1e-04
10000,100,1,0.21,27,2,10,1e-04
10000,100,1,0.21,28,2,1,1e-04
10000,100,1,0.21,28,2,2,1e-04
10000,100,1,0.21,28,2,3,1e-04
10000,100,1,0.21,28,2,4,1e-04
10000,100,1,0.21,28,2,5,1e-04
10000,100,1,0.21,28,2,6,1e-04
10000,100,1,0.21,28,2,7,1e-04
10000,100,1,0.21,28,2,8,1e-04
10000,100,1,0.21,28,2,9,1e-04
10000,100,1,0.21,28,2,10,1e-04
10000,100,1,0.21,29,2,1,1e-04
10000,100,1,0.21,29,2,2,1e-04
10000,100,1,0.21,29,2,3,1e-04
10000,100,1,0.21,29,2,4,1e-04
10000,100,1,0.21,29,2,5,1e-04
10000,100,1,0.21,29,2,6,1e-04
10000,100,1,0.21,29,2,7,1e-04
10000,100,1,0.21,29,2,8,1e-04
10000,100,1,0.21,29,2,9,1e-04
10000,100,1,0.21,29,2,10,1e-04
10000,100,1,0.21,30,2,1,1e-04
10000,100,1,0.21,30,2,2,1e-04
10000,100,1,0.21,30,2,3,1e-04
10000,100,1,0.21,30,2,4,1e-04
10000,100,1,0.21,30,2,5,1e-04
10000,100,1,0.21,30,2,6,1e-04
10000,100,1,0.21,30,2,7,1e-04
10000,100,1,0.21,30,2,8,1e-04
10000,100,1,0.21,30,2,9,1e-04
10000,100,1,0.21,30,2,10,1e-04
10000,100,1,0.22,17,2,1,1e-04
10000,100,1,0.22,17,2,2,1e-04
10000,100,1,0.22,17,2,3,1e-04
10000,100,1,0.22,17,2,4,1e-04
10000,100,1,0.22,17,2,5,1e-04
10000,100,1,0.22,17,2,6,1e-04
10000,100,1,0.22,17,2,7,1e-04
10000,100,1,0.22,17,2,8,1e-04
10000,100,1,0.22,17,2,9,1e-04
10000,100,1,0.22,17,2,10,1e-04
10000,100,1,0.22,18,2,1,1e-04
10000,100,1,0.22,18,2,2,1e-04
10000,100,1,0.22,18,2,3,1e-04
10000,100,1,0.22,18,2,4,1e-04
10000,100,1,0.22,18,2,5,1e-04
10000,100,1,0.22,18,2,6,1e-04
10000,100,1,0.22,18,2,7,1e-04
10000,100,1,0.22,18,2,8,1e-04
10000,100,1,0.22,18,2,9,1e-04
10000,100,1,0.22,18,2,10,1e-04
10000,100,1,0.22,19,2,1,1e-04
10000,100,1,0.22,19,2,2,1e-04
10000,100,1,0.22,19,2,3,1e-04
10000,100,1,0.22,19,2,4,1e-04
10000,100,1,0.22,19,2,5,1e-04
10000,100,1,0.22,19,2,6,1e-04
10000,100,1,0.22,19,2,7,1e-04
10000,100,1,0.22,19,2,8,1e-04
10000,100,1,0.22,19,2,9,1e-04
10000,100,1,0.22,19,2,10,1e-04
10000,100,1,0.22,20,2,1,1e-04
10000,100,1,0.22,20,2,2,1e-04
10000,100,1,0.22,20,2,3,1e-04
10000,100,1,0.22,20,2,4,1e-04
10000,100,1,0.22,20,2,5,1e-04
10000,100,1,0.22,20,2,6,1e-04
10000,100,1,0.22,20,2,7,1e-04
10000,100,1,0.22,20,2,8,1e-04
10000,100,1,0.22,20,2,9,1e-04
10000,100,1,0.22,20,2,10,1e-04
10000,100,1,0.22,21,2,1,1e-04
10000,100,1,0.22,21,2,2,1e-04
10000,100,1,0.22,21,2,3,1e-04
10000,100,1,0.22,21,2,4,1e-04
10000,100,1,0.22,21,2,5,1e-04
10000,100,1,0.22,21,2,6,1e-04
10000,100,1,0.22,21,2,7,1e-04
10000,100,1,0.22,21,2,8,1e-04
10000,100,1,0.22,21,2,9,1e-04
10000,100,1,0.22,21,2,10,1e-04
10000,100,1,0.22,22,2,1,1e-04
10000,100,1,0.22,22,2,2,1e-04
10000,100,1,0.22,22,2,3,1e-04
10000,100,1,0.22,22,2,4,1e-04
10000,100,1,0.22,22,2,5,1e-04
10000,100,1,0.22,22,2,6,1e-04
10000,100,1,0.22,22,2,7,1e-04
10000,100,1,0.22,22,2,8,1e-04
10000,100,1,0.22,22,2,9,1e-04
10000,100,1,0.22,22,2,10,1e-04
10000,100,1,0.22,23,2,1,1e-04
10000,100,1,0.22,23,2,2,1e-04
10000,100,1,0.22,23,2,3,1e-04
10000,100,1,0.22,23,2,4,1e-04
10000,100,1,0.22,23,2,5,1e-04
10000,100,1,0.22,23,2,6,1e-04
10000,100,1,0.22,23,2,7,1e-04
10000,100,1,0.22,23,2,8,1e-04
10000,100,1,0.22,23,2,9,1e-04
10000,100,1,0.22,23,2,10,1e-04
10000,100,1,0.22,24,2,1,1e-04
10000,100,1,0.22,24,2,2,1e-04
10000,100,1,0.22,24,2,3,1e-04
10000,100,1,0.22,24,2,4,1e-04
10000,100,1,0.22,24,2,5,1e-04
10000,100,1,0.22,24,2,6,1e-04
10000,100,1,0.22,24,2,7,1e-04
10000,100,1,0.22,24,2,8,1e-04
10000,100,1,0.22,24,2,9,1e-04
10000,100,1,0.22,24,2,10,1e-04
10000,100,1,0.22,25,2,1,1e-04
10000,100,1,0.22,25,2,2,1e-04
10000,100,1,0.22,25,2,3,1e-04
10000,100,1,0.22,25,2,4,1e-04
10000,100,1,0.22,25,2,5,1e-04
10000,100,1,0.22,25,2,6,1e-04
10000,100,1,0.22,25,2,7,1e-04
10000,100,1,0.22,25,2,8,1e-04
10000,100,1,0.22,25,2,9,1e-04
10000,100,1,0.22,25,2,10,1e-04
10000,100,1,0.22,26,2,1,1e-04
10000,100,1,0.22,26,2,2,1e-04
10000,100,1,0.22,26,2,3,1e-04
10000,100,1,0.22,26,2,4,1e-04
10000,100,1,0.22,26,2,5,1e-04
10000,100,1,0.22,26,2,6,1e-04
10000,100,1,0.22,26,2,7,1e-04
10000,100,1,0.22,26,2,8,1e-04
10000,100,1,0.22,26,2,9,1e-04
10000,100,1,0.22,26,2,10,1e-04
10000,100,1,0.22,27,2,1,1e-04
10000,100,1,0.22,27,2,2,1e-04
10000,100,1,0.22,27,2,3,1e-04
10000,100,1,0.22,27,2,4,1e-04
10000,100,1,0.22,27,2,5,1e-04
10000,100,1,0.22,27,2,6,1e-04
10000,100,1,0.22,27,2,7,1e-04
10000,100,1,0.22,27,2,8,1e-04
10000,100,1,0.22,27,2,9,1e-04
10000,100,1,0.22,27,2,10,1e-04
10000,100,1,0.22,28,2,1,1e-04
10000,100,1,0.22,28,2,2,1e-04
10000,100,1,0.22,28,2,3,1e-04
10000,100,1,0.22,28,2,4,1e-04
10000,100,1,0.22,28,2,5,1e-04
10000,100,1,0.22,28,2,6,1e-04
10000,100,1,0.22,28,2,7,1e-04
10000,100,1,0.22,28,2,8,1e-04
10000,100,1,0.22,28,2,9,1e-04
10000,100,1,0.22,28,2,10,1e-04
10000,100,1,0.22,29,2,1,1e-04
10000,100,1,0.22,29,2,2,1e-04
10000,100,1,0.22,29,2,3,1e-04
10000,100,1,0.22,29,2,4,1e-04
10000,100,1,0.22,29,2,5,1e-04
10000,100,1,0.22,29,2,6,1e-04
10000,100,1,0.22,29,2,7,1e-04
10000,100,1,0.22,29,2,8,1e-04
10000,100,1,0.22,29,2,9,1e-04
10000,100,1,0.22,29,2,10,1e-04
10000,100,1,0.22,30,2,1,1e-04
10000,100,1,0.22,30,2,2,1e-04
10000,100,1,0.22,30,2,3,1e-04
10000,100,1,0.22,30,2,4,1e-04
10000,100,1,0.22,30,2,5,1e-04
10000,100,1,0.22,30,2,6,1e-04
10000,100,1,0.22,30,2,7,1e-04
10000,100,1,0.22,30,2,8,1e-04
10000,100,1,0.22,30,2,9,1e-04
10000,100,1,0.22,30,2,10,1e-04
10000,100,1,0.23,17,2,1,1e-04
10000,100,1,0.23,17,2,2,1e-04
10000,100,1,0.23,17,2,3,1e-04
10000,100,1,0.23,17,2,4,1e-04
10000,100,1,0.23,17,2,5,1e-04
10000,100,1,0.23,17,2,6,1e-04
10000,100,1,0.23,17,2,7,1e-04
10000,100,1,0.23,17,2,8,1e-04
10000,100,1,0.23,17,2,9,1e-04
10000,100,1,0.23,17,2,10,1e-04
10000,100,1,0.23,18,2,1,1e-04
10000,100,1,0.23,18,2,2,1e-04
10000,100,1,0.23,18,2,3,1e-04
10000,100,1,0.23,18,2,4,1e-04
10000,100,1,0.23,18,2,5,1e-04
10000,100,1,0.23,18,2,6,1e-04
10000,100,1,0.23,18,2,7,1e-04
10000,100,1,0.23,18,2,8,1e-04
10000,100,1,0.23,18,2,9,1e-04
10000,100,1,0.23,18,2,10,1e-04
10000,100,1,0.23,19,2,1,1e-04
10000,100,1,0.23,19,2,2,1e-04
10000,100,1,0.23,19,2,3,1e-04
10000,100,1,0.23,19,2,4,1e-04
10000,100,1,0.23,19,2,5,1e-04
10000,100,1,0.23,19,2,6,1e-04
10000,100,1,0.23,19,2,7,1e-04
10000,100,1,0.23,19,2,8,1e-04
10000,100,1,0.23,19,2,9,1e-04
10000,100,1,0.23,19,2,10,1e-04
10000,100,1,0.23,20,2,1,1e-04
10000,100,1,0.23,20,2,2,1e-04
10000,100,1,0.23,20,2,3,1e-04
10000,100,1,0.23,20,2,4,1e-04
10000,100,1,0.23,20,2,5,1e-04
10000,100,1,0.23,20,2,6,1e-04
10000,100,1,0.23,20,2,7,1e-04
10000,100,1,0.23,20,2,8,1e-04
10000,100,1,0.23,20,2,9,1e-04
10000,100,1,0.23,20,2,10,1e-04
10000,100,1,0.23,21,2,1,1e-04
10000,100,1,0.23,21,2,2,1e-04
10000,100,1,0.23,21,2,3,1e-04
10000,100,1,0.23,21,2,4,1e-04
10000,100,1,0.23,21,2,5,1e-04
10000,100,1,0.23,21,2,6,1e-04
10000,100,1,0.23,21,2,7,1e-04
10000,100,1,0.23,21,2,8,1e-04
10000,100,1,0.23,21,2,9,1e-04
10000,100,1,0.23,21,2,10,1e-04
10000,100,1,0.23,22,2,1,1e-04
10000,100,1,0.23,22,2,2,1e-04
10000,100,1,0.23,22,2,3,1e-04
10000,100,1,0.23,22,2,4,1e-04
10000,100,1,0.23,22,2,5,1e-04
10000,100,1,0.23,22,2,6,1e-04
10000,100,1,0.23,22,2,7,1e-04
10000,100,1,0.23,22,2,8,1e-04
10000,100,1,0.23,22,2,9,1e-04
10000,100,1,0.23,22,2,10,1e-04
10000,100,1,0.23,23,2,1,1e-04
10000,100,1,0.23,23,2,2,1e-04
10000,100,1,0.23,23,2,3,1e-04
10000,100,1,0.23,23,2,4,1e-04
10000,100,1,0.23,23,2,5,1e-04
10000,100,1,0.23,23,2,6,1e-04
10000,100,1,0.23,23,2,7,1e-04
10000,100,1,0.23,23,2,8,1e-04
10000,100,1,0.23,23,2,9,1e-04
10000,100,1,0.23,23,2,10,1e-04
10000,100,1,0.23,24,2,1,1e-04
10000,100,1,0.23,24,2,2,1e-04
10000,100,1,0.23,24,2,3,1e-04
10000,100,1,0.23,24,2,4,1e-04
10000,100,1,0.23,24,2,5,1e-04
10000,100,1,0.23,24,2,6,1e-04
10000,100,1,0.23,24,2,7,1e-04
10000,100,1,0.23,24,2,8,1e-04
10000,100,1,0.23,24,2,9,1e-04
10000,100,1,0.23,24,2,10,1e-04
10000,100,1,0.23,25,2,1,1e-04
10000,100,1,0.23,25,2,2,1e-04
10000,100,1,0.23,25,2,3,1e-04
10000,100,1,0.23,25,2,4,1e-04
10000,100,1,0.23,25,2,5,1e-04
10000,100,1,0.23,25,2,6,1e-04
10000,100,1,0.23,25,2,7,1e-04
10000,100,1,0.23,25,2,8,1e-04
10000,100,1,0.23,25,2,9,1e-04
10000,100,1,0.23,25,2,10,1e-04
10000,100,1,0.23,26,2,1,1e-04
10000,100,1,0.23,26,2,2,1e-04
10000,100,1,0.23,26,2,3,1e-04
10000,100,1,0.23,26,2,4,1e-04
10000,100,1,0.23,26,2,5,1e-04
10000,100,1,0.23,26,2,6,1e-04
10000,100,1,0.23,26,2,7,1e-04
10000,100,1,0.23,26,2,8,1e-04
10000,100,1,0.23,26,2,9,1e-04
10000,100,1,0.23,26,2,10,1e-04
10000,100,1,0.23,27,2,1,1e-04
10000,100,1,0.23,27,2,2,1e-04
10000,100,1,0.23,27,2,3,1e-04
10000,100,1,0.23,27,2,4,1e-04
10000,100,1,0.23,27,2,5,1e-04
10000,100,1,0.23,27,2,6,1e-04
10000,100,1,0.23,27,2,7,1e-04
10000,100,1,0.23,27,2,8,1e-04
10000,100,1,0.23,27,2,9,1e-04
10000,100,1,0.23,27,2,10,1e-04
10000,100,1,0.23,28,2,1,1e-04
10000,100,1,0.23,28,2,2,1e-04
10000,100,1,0.23,28,2,3,1e-04
10000,100,1,0.23,28,2,4,1e-04
10000,100,1,0.23,28,2,5,1e-04
10000,100,1,0.23,28,2,6,1e-04
10000,100,1,0.23,28,2,7,1e-04
10000,100,1,0.23,28,2,8,1e-04
10000,100,1,0.23,28,2,9,1e-04
10000,100,1,0.23,28,2,10,1e-04
10000,100,1,0.23,29,2,1,1e-04
10000,100,1,0.23,29,2,2,1e-04
10000,100,1,0.23,29,2,3,1e-04
10000,100,1,0.23,29,2,4,1e-04
10000,100,1,0.23,29,2,5,1e-04
10000,100,1,0.23,29,2,6,1e-04
10000,100,1,0.23,29,2,7,1e-04
10000,100,1,0.23,29,2,8,1e-04
10000,100,1,0.23,29,2,9,1e-04
10000,100,1,0.23,29,2,10,1e-04
10000,100,1,0.23,30,2,1,1e-04
10000,100,1,0.23,30,2,2,1e-04
10000,100,1,0.23,30,2,3,1e-04
10000,100,1,0.23,30,2,4,1e-04
10000,100,1,0.23,30,2,5,1e-04
10000,100,1,0.23,30,2,6,1e-04
10000,100,1,0.23,30,2,7,1e-04
10000,100,1,0.23,30,2,8,1e-04
10000,100,1,0.23,30,2,9,1e-04
10000,100,1,0.23,30,2,10,1e-04
10000,100,1,0.24,17,2,1,1e-04
10000,100,1,0.24,17,2,2,1e-04
10000,100,1,0.24,17,2,3,1e-04
10000,100,1,0.24,17,2,4,1e-04
10000,100,1,0.24,17,2,5,1e-04
10000,100,1,0.24,17,2,6,1e-04
10000,100,1,0.24,17,2,7,1e-04
10000,100,1,0.24,17,2,8,1e-04
10000,100,1,0.24,17,2,9,1e-04
10000,100,1,0.24,17,2,10,1e-04
10000,100,1,0.24,18,2,1,1e-04
10000,100,1,0.24,18,2,2,1e-04
10000,100,1,0.24,18,2,3,1e-04
10000,100,1,0.24,18,2,4,1e-04
10000,100,1,0.24,18,2,5,1e-04
10000,100,1,0.24,18,2,6,1e-04
10000,100,1,0.24,18,2,7,1e-04
10000,100,1,0.24,18,2,8,1e-04
10000,100,1,0.24,18,2,9,1e-04
10000,100,1,0.24,18,2,10,1e-04
10000,100,1,0.24,19,2,1,1e-04
10000,100,1,0.24,19,2,2,1e-04
10000,100,1,0.24,19,2,3,1e-04
10000,100,1,0.24,19,2,4,1e-04
10000,100,1,0.24,19,2,5,1e-04
10000,100,1,0.24,19,2,6,1e-04
10000,100,1,0.24,19,2,7,1e-04
10000,100,1,0.24,19,2,8,1e-04
10000,100,1,0.24,19,2,9,1e-04
10000,100,1,0.24,19,2,10,1e-04
10000,100,1,0.24,20,2,1,1e-04
10000,100,1,0.24,20,2,2,1e-04
10000,100,1,0.24,20,2,3,1e-04
10000,100,1,0.24,20,2,4,1e-04
10000,100,1,0.24,20,2,5,1e-04
10000,100,1,0.24,20,2,6,1e-04
10000,100,1,0.24,20,2,7,1e-04
10000,100,1,0.24,20,2,8,1e-04
10000,100,1,0.24,20,2,9,1e-04
10000,100,1,0.24,20,2,10,1e-04
10000,100,1,0.24,21,2,1,1e-04
10000,100,1,0.24,21,2,2,1e-04
10000,100,1,0.24,21,2,3,1e-04
10000,100,1,0.24,21,2,4,1e-04
10000,100,1,0.24,21,2,5,1e-04
10000,100,1,0.24,21,2,6,1e-04
10000,100,1,0.24,21,2,7,1e-04
10000,100,1,0.24,21,2,8,1e-04
10000,100,1,0.24,21,2,9,1e-04
10000,100,1,0.24,21,2,10,1e-04
10000,100,1,0.24,22,2,1,1e-04
10000,100,1,0.24,22,2,2,1e-04
10000,100,1,0.24,22,2,3,1e-04
10000,100,1,0.24,22,2,4,1e-04
10000,100,1,0.24,22,2,5,1e-04
10000,100,1,0.24,22,2,6,1e-04
10000,100,1,0.24,22,2,7,1e-04
10000,100,1,0.24,22,2,8,1e-04
10000,100,1,0.24,22,2,9,1e-04
10000,100,1,0.24,22,2,10,1e-04
10000,100,1,0.24,23,2,1,1e-04
10000,100,1,0.24,23,2,2,1e-04
10000,100,1,0.24,23,2,3,1e-04
10000,100,1,0.24,23,2,4,1e-04
10000,100,1,0.24,23,2,5,1e-04
10000,100,1,0.24,23,2,6,1e-04
10000,100,1,0.24,23,2,7,1e-04
10000,100,1,0.24,23,2,8,1e-04
10000,100,1,0.24,23,2,9,1e-04
10000,100,1,0.24,23,2,10,1e-04
10000,100,1,0.24,24,2,1,1e-04
10000,100,1,0.24,24,2,2,1e-04
10000,100,1,0.24,24,2,3,1e-04
10000,100,1,0.24,24,2,4,1e-04
10000,100,1,0.24,24,2,5,1e-04
10000,100,1,0.24,24,2,6,1e-04
10000,100,1,0.24,24,2,7,1e-04
10000,100,1,0.24,24,2,8,1e-04
10000,100,1,0.24,24,2,9,1e-04
10000,100,1,0.24,24,2,10,1e-04
10000,100,1,0.24,25,2,1,1e-04
10000,100,1,0.24,25,2,2,1e-04
10000,100,1,0.24,25,2,3,1e-04
10000,100,1,0.24,25,2,4,1e-04
10000,100,1,0.24,25,2,5,1e-04
10000,100,1,0.24,25,2,6,1e-04
10000,100,1,0.24,25,2,7,1e-04
10000,100,1,0.24,25,2,8,1e-04
10000,100,1,0.24,25,2,9,1e-04
10000,100,1,0.24,25,2,10,1e-04
10000,100,1,0.24,26,2,1,1e-04
10000,100,1,0.24,26,2,2,1e-04
10000,100,1,0.24,26,2,3,1e-04
10000,100,1,0.24,26,2,4,1e-04
10000,100,1,0.24,26,2,5,1e-04
10000,100,1,0.24,26,2,6,1e-04
10000,100,1,0.24,26,2,7,1e-04
10000,100,1,0.24,26,2,8,1e-04
10000,100,1,0.24,26,2,9,1e-04
10000,100,1,0.24,26,2,10,1e-04
10000,100,1,0.24,27,2,1,1e-04
10000,100,1,0.24,27,2,2,1e-04
10000,100,1,0.24,27,2,3,1e-04
10000,100,1,0.24,27,2,4,1e-04
10000,100,1,0.24,27,2,5,1e-04
10000,100,1,0.24,27,2,6,1e-04
10000,100,1,0.24,27,2,7,1e-04
10000,100,1,0.24,27,2,8,1e-04
10000,100,1,0.24,27,2,9,1e-04
10000,100,1,0.24,27,2,10,1e-04
10000,100,1,0.24,28,2,1,1e-04
10000,100,1,0.24,28,2,2,1e-04
10000,100,1,0.24,28,2,3,1e-04
10000,100,1,0.24,28,2,4,1e-04
10000,100,1,0.24,28,2,5,1e-04
10000,100,1,0.24,28,2,6,1e-04
10000,100,1,0.24,28,2,7,1e-04
10000,100,1,0.24,28,2,8,1e-04
10000,100,1,0.24,28,2,9,1e-04
10000,100,1,0.24,28,2,10,1e-04
10000,100,1,0.24,29,2,1,1e-04
10000,100,1,0.24,29,2,2,1e-04
10000,100,1,0.24,29,2,3,1e-04
10000,100,1,0.24,29,2,4,1e-04
10000,100,1,0.24,29,2,5,1e-04
10000,100,1,0.24,29,2,6,1e-04
10000,100,1,0.24,29,2,7,1e-04
10000,100,1,0.24,29,2,8,1e-04
10000,100,1,0.24,29,2,9,1e-04
10000,100,1,0.24,29,2,10,1e-04
10000,100,1,0.24,30,2,1,1e-04
10000,100,1,0.24,30,2,2,1e-04
10000,100,1,0.24,30,2,3,1e-04
10000,100,1,0.24,30,2,4,1e-04
10000,100,1,0.24,30,2,5,1e-04
10000,100,1,0.24,30,2,6,1e-04
10000,100,1,0.24,30,2,7,1e-04
10000,100,1,0.24,30,2,8,1e-04
10000,100,1,0.24,30,2,9,1e-04
10000,100,1,0.24,30,2,10,1e-04
10000,100,1,0.25,17,2,1,1e-04
10000,100,1,0.25,17,2,2,1e-04
10000,100,1,0.25,17,2,3,1e-04
10000,100,1,0.25,17,2,4,1e-04
10000,100,1,0.25,17,2,5,1e-04
10000,100,1,0.25,17,2,6,1e-04
10000,100,1,0.25,17,2,7,1e-04
10000,100,1,0.25,17,2,8,1e-04
10000,100,1,0.25,17,2,9,1e-04
10000,100,1,0.25,17,2,10,1e-04
10000,100,1,0.25,18,2,1,1e-04
10000,100,1,0.25,18,2,2,1e-04
10000,100,1,0.25,18,2,3,1e-04
10000,100,1,0.25,18,2,4,1e-04
10000,100,1,0.25,18,2,5,1e-04
10000,100,1,0.25,18,2,6,1e-04
10000,100,1,0.25,18,2,7,1e-04
10000,100,1,0.25,18,2,8,1e-04
10000,100,1,0.25,18,2,9,1e-04
10000,100,1,0.25,18,2,10,1e-04
10000,100,1,0.25,19,2,1,1e-04
10000,100,1,0.25,19,2,2,1e-04
10000,100,1,0.25,19,2,3,1e-04
10000,100,1,0.25,19,2,4,1e-04
10000,100,1,0.25,19,2,5,1e-04
10000,100,1,0.25,19,2,6,1e-04
10000,100,1,0.25,19,2,7,1e-04
10000,100,1,0.25,19,2,8,1e-04
10000,100,1,0.25,19,2,9,1e-04
10000,100,1,0.25,19,2,10,1e-04
10000,100,1,0.25,20,2,1,1e-04
10000,100,1,0.25,20,2,2,1e-04
10000,100,1,0.25,20,2,3,1e-04
10000,100,1,0.25,20,2,4,1e-04
10000,100,1,0.25,20,2,5,1e-04
10000,100,1,0.25,20,2,6,1e-04
10000,100,1,0.25,20,2,7,1e-04
10000,100,1,0.25,20,2,8,1e-04
10000,100,1,0.25,20,2,9,1e-04
10000,100,1,0.25,20,2,10,1e-04
10000,100,1,0.25,21,2,1,1e-04
10000,100,1,0.25,21,2,2,1e-04
10000,100,1,0.25,21,2,3,1e-04
10000,100,1,0.25,21,2,4,1e-04
10000,100,1,0.25,21,2,5,1e-04
10000,100,1,0.25,21,2,6,1e-04
10000,100,1,0.25,21,2,7,1e-04
10000,100,1,0.25,21,2,8,1e-04
10000,100,1,0.25,21,2,9,1e-04
10000,100,1,0.25,21,2,10,1e-04
10000,100,1,0.25,22,2,1,1e-04
10000,100,1,0.25,22,2,2,1e-04
10000,100,1,0.25,22,2,3,1e-04
10000,100,1,0.25,22,2,4,1e-04
10000,100,1,0.25,22,2,5,1e-04
10000,100,1,0.25,22,2,6,1e-04
10000,100,1,0.25,22,2,7,1e-04
10000,100,1,0.25,22,2,8,1e-04
10000,100,1,0.25,22,2,9,1e-04
10000,100,1,0.25,22,2,10,1e-04
10000,100,1,0.25,23,2,1,1e-04
10000,100,1,0.25,23,2,2,1e-04
10000,100,1,0.25,23,2,3,1e-04
10000,100,1,0.25,23,2,4,1e-04
10000,100,1,0.25,23,2,5,1e-04
10000,100,1,0.25,23,2,6,1e-04
10000,100,1,0.25,23,2,7,1e-04
10000,100,1,0.25,23,2,8,1e-04
10000,100,1,0.25,23,2,9,1e-04
10000,100,1,0.25,23,2,10,1e-04
10000,100,1,0.25,24,2,1,1e-04
10000,100,1,0.25,24,2,2,1e-04
10000,100,1,0.25,24,2,3,1e-04
10000,100,1,0.25,24,2,4,1e-04
10000,100,1,0.25,24,2,5,1e-04
10000,100,1,0.25,24,2,6,1e-04
10000,100,1,0.25,24,2,7,1e-04
10000,100,1,0.25,24,2,8,1e-04
10000,100,1,0.25,24,2,9,1e-04
10000,100,1,0.25,24,2,10,1e-04
10000,100,1,0.25,25,2,1,1e-04
10000,100,1,0.25,25,2,2,1e-04
10000,100,1,0.25,25,2,3,1e-04
10000,100,1,0.25,25,2,4,1e-04
10000,100,1,0.25,25,2,5,1e-04
10000,100,1,0.25,25,2,6,1e-04
10000,100,1,0.25,25,2,7,1e-04
10000,100,1,0.25,25,2,8,1e-04
10000,100,1,0.25,25,2,9,1e-04
10000,100,1,0.25,25,2,10,1e-04
10000,100,1,0.25,26,2,1,1e-04
10000,100,1,0.25,26,2,2,1e-04
10000,100,1,0.25,26,2,3,1e-04
10000,100,1,0.25,26,2,4,1e-04
10000,100,1,0.25,26,2,5,1e-04
10000,100,1,0.25,26,2,6,1e-04
10000,100,1,0.25,26,2,7,1e-04
10000,100,1,0.25,26,2,8,1e-04
10000,100,1,0.25,26,2,9,1e-04
10000,100,1,0.25,26,2,10,1e-04
10000,100,1,0.25,27,2,1,1e-04
10000,100,1,0.25,27,2,2,1e-04
10000,100,1,0.25,27,2,3,1e-04
10000,100,1,0.25,27,2,4,1e-04
10000,100,1,0.25,27,2,5,1e-04
10000,100,1,0.25,27,2,6,1e-04
10000,100,1,0.25,27,2,7,1e-04
10000,100,1,0.25,27,2,8,1e-04
10000,100,1,0.25,27,2,9,1e-04
10000,100,1,0.25,27,2,10,1e-04
10000,100,1,0.25,28,2,1,1e-04
10000,100,1,0.25,28,2,2,1e-04
10000,100,1,0.25,28,2,3,1e-04
10000,100,1,0.25,28,2,4,1e-04
10000,100,1,0.25,28,2,5,1e-04
10000,100,1,0.25,28,2,6,1e-04
10000,100,1,0.25,28,2,7,1e-04
10000,100,1,0.25,28,2,8,1e-04
10000,100,1,0.25,28,2,9,1e-04
10000,100,1,0.25,28,2,10,1e-04
10000,100,1,0.25,29,2,1,1e-04
10000,100,1,0.25,29,2,2,1e-04
10000,100,1,0.25,29,2,3,1e-04
10000,100,1,0.25,29,2,4,1e-04
10000,100,1,0.25,29,2,5,1e-04
10000,100,1,0.25,29,2,6,1e-04
10000,100,1,0.25,29,2,7,1e-04
10000,100,1,0.25,29,2,8,1e-04
10000,100,1,0.25,29,2,9,1e-04
10000,100,1,0.25,29,2,10,1e-04
10000,100,1,0.25,30,2,1,1e-04
10000,100,1,0.25,30,2,2,1e-04
10000,100,1,0.25,30,2,3,1e-04
10000,100,1,0.25,30,2,4,1e-04
10000,100,1,0.25,30,2,5,1e-04
10000,100,1,0.25,30,2,6,1e-04
10000,100,1,0.25,30,2,7,1e-04
10000,100,1,0.25,30,2,8,1e-04
10000,100,1,0.25,30,2,9,1e-04
10000,100,1,0.25,30,2,10,1e-04
10000,100,1,0.26,17,2,1,1e-04
10000,100,1,0.26,17,2,2,1e-04
10000,100,1,0.26,17,2,3,1e-04
10000,100,1,0.26,17,2,4,1e-04
10000,100,1,0.26,17,2,5,1e-04
10000,100,1,0.26,17,2,6,1e-04
10000,100,1,0.26,17,2,7,1e-04
10000,100,1,0.26,17,2,8,1e-04
10000,100,1,0.26,17,2,9,1e-04
10000,100,1,0.26,17,2,10,1e-04
10000,100,1,0.26,18,2,1,1e-04
10000,100,1,0.26,18,2,2,1e-04
10000,100,1,0.26,18,2,3,1e-04
10000,100,1,0.26,18,2,4,1e-04
10000,100,1,0.26,18,2,5,1e-04
10000,100,1,0.26,18,2,6,1e-04
10000,100,1,0.26,18,2,7,1e-04
10000,100,1,0.26,18,2,8,1e-04
10000,100,1,0.26,18,2,9,1e-04
10000,100,1,0.26,18,2,10,1e-04
10000,100,1,0.26,19,2,1,1e-04
10000,100,1,0.26,19,2,2,1e-04
10000,100,1,0.26,19,2,3,1e-04
10000,100,1,0.26,19,2,4,1e-04
10000,100,1,0.26,19,2,5,1e-04
10000,100,1,0.26,19,2,6,1e-04
10000,100,1,0.26,19,2,7,1e-04
10000,100,1,0.26,19,2,8,1e-04
10000,100,1,0.26,19,2,9,1e-04
10000,100,1,0.26,19,2,10,1e-04
10000,100,1,0.26,20,2,1,1e-04
10000,100,1,0.26,20,2,2,1e-04
10000,100,1,0.26,20,2,3,1e-04
10000,100,1,0.26,20,2,4,1e-04
10000,100,1,0.26,20,2,5,1e-04
10000,100,1,0.26,20,2,6,1e-04
10000,100,1,0.26,20,2,7,1e-04
10000,100,1,0.26,20,2,8,1e-04
10000,100,1,0.26,20,2,9,1e-04
10000,100,1,0.26,20,2,10,1e-04
10000,100,1,0.26,21,2,1,1e-04
10000,100,1,0.26,21,2,2,1e-04
10000,100,1,0.26,21,2,3,1e-04
10000,100,1,0.26,21,2,4,1e-04
10000,100,1,0.26,21,2,5,1e-04
10000,100,1,0.26,21,2,6,1e-04
10000,100,1,0.26,21,2,7,1e-04
10000,100,1,0.26,21,2,8,1e-04
10000,100,1,0.26,21,2,9,1e-04
10000,100,1,0.26,21,2,10,1e-04
10000,100,1,0.26,22,2,1,1e-04
10000,100,1,0.26,22,2,2,1e-04
10000,100,1,0.26,22,2,3,1e-04
10000,100,1,0.26,22,2,4,1e-04
10000,100,1,0.26,22,2,5,1e-04
10000,100,1,0.26,22,2,6,1e-04
10000,100,1,0.26,22,2,7,1e-04
10000,100,1,0.26,22,2,8,1e-04
10000,100,1,0.26,22,2,9,1e-04
10000,100,1,0.26,22,2,10,1e-04
10000,100,1,0.26,23,2,1,1e-04
10000,100,1,0.26,23,2,2,1e-04
10000,100,1,0.26,23,2,3,1e-04
10000,100,1,0.26,23,2,4,1e-04
10000,100,1,0.26,23,2,5,1e-04
10000,100,1,0.26,23,2,6,1e-04
10000,100,1,0.26,23,2,7,1e-04
10000,100,1,0.26,23,2,8,1e-04
10000,100,1,0.26,23,2,9,1e-04
10000,100,1,0.26,23,2,10,1e-04
10000,100,1,0.26,24,2,1,1e-04
10000,100,1,0.26,24,2,2,1e-04
10000,100,1,0.26,24,2,3,1e-04
10000,100,1,0.26,24,2,4,1e-04
10000,100,1,0.26,24,2,5,1e-04
10000,100,1,0.26,24,2,6,1e-04
10000,100,1,0.26,24,2,7,1e-04
10000,100,1,0.26,24,2,8,1e-04
10000,100,1,0.26,24,2,9,1e-04
10000,100,1,0.26,24,2,10,1e-04
10000,100,1,0.26,25,2,1,1e-04
10000,100,1,0.26,25,2,2,1e-04
10000,100,1,0.26,25,2,3,1e-04
10000,100,1,0.26,25,2,4,1e-04
10000,100,1,0.26,25,2,5,1e-04
10000,100,1,0.26,25,2,6,1e-04
10000,100,1,0.26,25,2,7,1e-04
10000,100,1,0.26,25,2,8,1e-04
10000,100,1,0.26,25,2,9,1e-04
10000,100,1,0.26,25,2,10,1e-04
10000,100,1,0.26,26,2,1,1e-04
10000,100,1,0.26,26,2,2,1e-04
10000,100,1,0.26,26,2,3,1e-04
10000,100,1,0.26,26,2,4,1e-04
10000,100,1,0.26,26,2,5,1e-04
10000,100,1,0.26,26,2,6,1e-04
10000,100,1,0.26,26,2,7,1e-04
10000,100,1,0.26,26,2,8,1e-04
10000,100,1,0.26,26,2,9,1e-04
10000,100,1,0.26,26,2,10,1e-04
10000,100,1,0.26,27,2,1,1e-04
10000,100,1,0.26,27,2,2,1e-04
10000,100,1,0.26,27,2,3,1e-04
10000,100,1,0.26,27,2,4,1e-04
10000,100,1,0.26,27,2,5,1e-04
10000,100,1,0.26,27,2,6,1e-04
10000,100,1,0.26,27,2,7,1e-04
10000,100,1,0.26,27,2,8,1e-04
10000,100,1,0.26,27,2,9,1e-04
10000,100,1,0.26,27,2,10,1e-04
10000,100,1,0.26,28,2,1,1e-04
10000,100,1,0.26,28,2,2,1e-04
10000,100,1,0.26,28,2,3,1e-04
10000,100,1,0.26,28,2,4,1e-04
10000,100,1,0.26,28,2,5,1e-04
10000,100,1,0.26,28,2,6,1e-04
10000,100,1,0.26,28,2,7,1e-04
10000,100,1,0.26,28,2,8,1e-04
10000,100,1,0.26,28,2,9,1e-04
10000,100,1,0.26,28,2,10,1e-04
10000,100,1,0.26,29,2,1,1e-04
10000,100,1,0.26,29,2,2,1e-04
10000,100,1,0.26,29,2,3,1e-04
10000,100,1,0.26,29,2,4,1e-04
10000,100,1,0.26,29,2,5,1e-04
10000,100,1,0.26,29,2,6,1e-04
10000,100,1,0.26,29,2,7,1e-04
10000,100,1,0.26,29,2,8,1e-04
10000,100,1,0.26,29,2,9,1e-04
10000,100,1,0.26,29,2,10,1e-04
10000,100,1,0.26,30,2,1,1e-04
10000,100,1,0.26,30,2,2,1e-04
10000,100,1,0.26,30,2,3,1e-04
10000,100,1,0.26,30,2,4,1e-04
10000,100,1,0.26,30,2,5,1e-04
10000,100,1,0.26,30,2,6,1e-04
10000,100,1,0.26,30,2,7,1e-04
10000,100,1,0.26,30,2,8,1e-04
10000,100,1,0.26,30,2,9,1e-04
10000,100,1,0.26,30,2,10,1e-04
