"","X0.2","X0.5","X1"
"1",0.272,0.783,0.92
"2",0.36,0.812,0.959
"3",0.34,0.825,0.96
"4",0.375,0.819,0.95
"5",0.163,0.687,0.912
"6",0.289,0.818,0.96
"7",0.197,0.715,0.935
"8",0.146,0.649,0.89
"9",0.253,0.754,0.935
"10",0.164,0.691,0.904
"11",0.199,0.72,0.942
"12",0.205,0.656,0.917
"13",0.217,0.703,0.919
"14",0.174,0.664,0.903
"15",0.151,0.643,0.896
"16",0.31,0.817,0.973
"17",0.324,0.806,0.937
"18",0.223,0.687,0.934
"19",0.315,0.81,0.955
"20",0.145,0.588,0.904
"21",0.174,0.646,0.928
"22",0.162,0.649,0.911
"23",0.133,0.662,0.915
"24",0.178,0.649,0.892
"25",0.171,0.622,0.907
"26",0.105,0.567,0.889
"27",0.142,0.57,0.879
"28",0.137,0.638,0.907
"29",0.252,0.721,0.94
"30",0.277,0.794,0.956
"31",0.155,0.615,0.911
"32",0.2,0.679,0.923
"33",0.285,0.802,0.952
"34",0.226,0.759,0.924
"35",0.219,0.625,0.913
"36",0.203,0.745,0.916
"37",0.357,0.825,0.959
"38",0.133,0.603,0.882
"39",0.342,0.816,0.963
"40",0.236,0.772,0.943
"41",0.111,0.5,0.862
"42",0.275,0.82,0.946
"43",0.178,0.66,0.906
"44",0.333,0.836,0.964
"45",0.209,0.709,0.921
"46",0.207,0.728,0.915
"47",0.114,0.56,0.854
"48",0.287,0.793,0.939
"49",0.153,0.63,0.885
"50",0.193,0.697,0.942
"51",0.194,0.633,0.89
"52",0.266,0.765,0.938
"53",0.073,0.606,0.877
"54",0.232,0.768,0.933
"55",0.305,0.808,0.956
"56",0.209,0.742,0.944
"57",0.143,0.591,0.913
"58",0.178,0.691,0.926
"59",0.125,0.666,0.912
"60",0.343,0.821,0.958
"61",0.17,0.611,0.894
"62",0.263,0.786,0.937
"63",0.317,0.84,0.966
"64",0.19,0.678,0.934
"65",0.153,0.61,0.869
"66",0.238,0.768,0.943
"67",0.222,0.719,0.932
"68",0.314,0.801,0.936
"69",0.168,0.621,0.9
"70",0.169,0.656,0.894
"71",0.224,0.784,0.939
"72",0.238,0.736,0.932
"73",0.235,0.768,0.933
"74",0.04,0.573,0.87
"75",0.164,0.683,0.926
"76",0.058,0.494,0.843
"77",0.185,0.73,0.929
"78",0.35,0.842,0.973
"79",0.236,0.75,0.96
"80",0.146,0.643,0.898
"81",0.175,0.682,0.913
"82",0.283,0.844,0.963
"83",0.144,0.654,0.901
"84",0.148,0.534,0.848
"85",0.202,0.781,0.921
"86",0.272,0.842,0.947
"87",0.262,0.786,0.947
"88",0.132,0.605,0.88
"89",0.263,0.778,0.933
"90",0.224,0.692,0.912
"91",0.215,0.738,0.905
"92",0.413,0.858,0.974
"93",0.131,0.55,0.883
"94",0.171,0.569,0.888
"95",0.165,0.631,0.9
"96",0.166,0.619,0.902
"97",0.25,0.712,0.91
"98",0.431,0.843,0.963
"99",0.312,0.791,0.946
"100",0.234,0.753,0.91
"101",0.356,0.8,0.96
"102",0.125,0.532,0.862
"103",0.211,0.751,0.944
"104",0.136,0.629,0.894
"105",0.407,0.866,0.98
"106",0.224,0.762,0.934
"107",0.217,0.762,0.934
"108",0.26,0.788,0.94
"109",0.281,0.806,0.96
"110",0.291,0.812,0.951
"111",0.188,0.699,0.907
"112",0.198,0.669,0.905
"113",0.135,0.631,0.889
"114",0.255,0.755,0.948
"115",0.2,0.737,0.918
"116",0.092,0.509,0.859
"117",0.151,0.621,0.889
"118",0.23,0.744,0.929
"119",0.175,0.704,0.913
"120",0.21,0.707,0.922
"121",0.205,0.691,0.926
"122",0.282,0.81,0.95
"123",0.136,0.589,0.879
"124",0.176,0.659,0.902
"125",0.303,0.798,0.938
"126",0.135,0.666,0.91
"127",0.126,0.582,0.86
"128",0.066,0.479,0.85
"129",0.145,0.673,0.939
"130",0.301,0.739,0.95
"131",0.196,0.723,0.924
"132",0.275,0.8,0.955
"133",0.247,0.733,0.926
"134",0.287,0.798,0.948
"135",0.232,0.706,0.932
"136",0.265,0.775,0.931
"137",0.182,0.624,0.902
"138",0.207,0.751,0.945
"139",0.251,0.724,0.926
"140",0.209,0.742,0.956
"141",0.268,0.741,0.944
"142",0.207,0.752,0.922
"143",0.236,0.717,0.927
"144",0.17,0.592,0.9
"145",0.184,0.633,0.922
"146",0.171,0.675,0.91
"147",0.342,0.824,0.96
"148",0.234,0.727,0.915
"149",0.196,0.73,0.885
"150",0.154,0.517,0.854
"151",0.151,0.471,0.853
"152",0.257,0.775,0.951
"153",0.119,0.722,0.922
"154",0.366,0.821,0.944
"155",0.109,0.607,0.891
"156",0.282,0.794,0.944
"157",0.221,0.766,0.956
"158",0.201,0.723,0.926
"159",0.34,0.828,0.959
"160",0.082,0.579,0.867
"161",0.207,0.719,0.926
"162",0.334,0.853,0.957
"163",0.305,0.795,0.964
"164",0.189,0.668,0.888
"165",0.292,0.758,0.929
"166",0.201,0.719,0.902
"167",0.298,0.867,0.96
"168",0.179,0.654,0.882
"169",0.251,0.734,0.93
"170",0.424,0.879,0.982
"171",0.308,0.814,0.946
"172",0.054,0.507,0.862
"173",0.136,0.64,0.886
"174",0.227,0.751,0.936
"175",0.211,0.697,0.935
"176",0.275,0.786,0.943
"177",0.238,0.732,0.923
"178",0.195,0.707,0.931
"179",0.221,0.741,0.929
"180",0.215,0.703,0.935
"181",0.191,0.687,0.926
"182",0.254,0.764,0.932
"183",0.265,0.753,0.935
"184",0.178,0.617,0.91
"185",0.228,0.735,0.916
"186",0.28,0.8,0.962
"187",0.266,0.767,0.941
"188",0.215,0.727,0.925
"189",0.105,0.566,0.882
"190",0.283,0.809,0.963
"191",0.34,0.868,0.981
"192",0.22,0.729,0.904
"193",0.336,0.846,0.955
"194",0.27,0.815,0.937
"195",0.343,0.84,0.949
"196",0.254,0.762,0.945
"197",0.164,0.683,0.92
"198",0.203,0.737,0.939
"199",0.238,0.733,0.932
"200",0.272,0.716,0.912
"201",0.244,0.786,0.95
"202",0.126,0.587,0.896
"203",0.197,0.681,0.906
"204",0.223,0.709,0.921
"205",0.225,0.765,0.96
"206",0.21,0.685,0.901
"207",0.264,0.846,0.96
"208",0.172,0.682,0.926
"209",0.247,0.755,0.947
"210",0.2,0.743,0.944
"211",0.099,0.303,0.773
"212",0.313,0.818,0.964
"213",0.191,0.731,0.913
"214",0.302,0.783,0.946
"215",0.13,0.579,0.875
"216",0.275,0.769,0.942
"217",0.291,0.756,0.961
"218",0.154,0.608,0.888
"219",0.135,0.601,0.894
"220",0.258,0.779,0.934
"221",0.343,0.803,0.949
"222",0.262,0.725,0.943
"223",0.203,0.689,0.904
"224",0.253,0.763,0.922
"225",0.179,0.612,0.905
"226",0.379,0.863,0.973
"227",0.156,0.576,0.907
"228",0.09,0.568,0.879
"229",0.328,0.854,0.958
"230",0.261,0.716,0.93
"231",0.357,0.804,0.974
"232",0.104,0.59,0.873
"233",0.098,0.463,0.839
"234",0.244,0.751,0.914
"235",0.233,0.787,0.952
"236",0.295,0.79,0.934
"237",0.26,0.705,0.928
"238",0.248,0.748,0.951
"239",0.148,0.556,0.887
"240",0.348,0.846,0.955
"241",0.238,0.772,0.932
"242",0.197,0.729,0.928
"243",0.16,0.619,0.905
"244",0.193,0.704,0.917
"245",0.259,0.777,0.943
"246",0.218,0.759,0.927
"247",0.148,0.598,0.872
"248",0.255,0.762,0.941
"249",0.238,0.777,0.929
"250",0.262,0.771,0.932
"251",0.194,0.734,0.935
"252",0.267,0.762,0.952
"253",0.199,0.741,0.928
"254",0.274,0.779,0.939
"255",0.252,0.747,0.939
"256",0.189,0.673,0.9
"257",0.264,0.71,0.945
"258",0.148,0.614,0.865
"259",0.101,0.505,0.881
"260",0.17,0.641,0.892
"261",0.266,0.772,0.931
"262",0.189,0.64,0.902
"263",0.234,0.78,0.937
"264",0.293,0.759,0.936
"265",0.176,0.605,0.904
"266",0.217,0.735,0.931
"267",0.245,0.759,0.942
"268",0.211,0.692,0.938
"269",0.284,0.777,0.946
"270",0.193,0.631,0.902
"271",0.122,0.56,0.912
"272",0.285,0.839,0.974
"273",0.173,0.659,0.917
"274",0.22,0.746,0.957
"275",0.258,0.751,0.944
"276",0.135,0.642,0.916
"277",0.265,0.777,0.936
"278",0.217,0.722,0.937
"279",0.217,0.725,0.927
"280",0.328,0.787,0.961
"281",0.291,0.826,0.955
"282",0.216,0.704,0.932
"283",0.322,0.816,0.936
"284",0.261,0.723,0.914
"285",0.287,0.824,0.968
"286",0.129,0.49,0.837
"287",0.263,0.784,0.939
"288",0.259,0.778,0.956
"289",0.192,0.684,0.915
"290",0.24,0.768,0.948
"291",0.225,0.761,0.945
"292",0.226,0.698,0.938
"293",0.118,0.539,0.867
"294",0.207,0.725,0.927
"295",0.434,0.855,0.962
"296",0.279,0.811,0.948
"297",0.319,0.771,0.941
"298",0.245,0.753,0.942
"299",0.232,0.778,0.941
"300",0.13,0.591,0.863
"301",0.226,0.756,0.932
"302",0.309,0.829,0.96
"303",0.152,0.603,0.898
"304",0.263,0.821,0.967
"305",0.108,0.482,0.866
"306",0.074,0.466,0.845
"307",0.21,0.705,0.934
"308",0.159,0.631,0.894
"309",0.136,0.59,0.868
"310",0.186,0.689,0.918
"311",0.211,0.694,0.92
"312",0.23,0.761,0.943
"313",0.201,0.659,0.93
"314",0.087,0.483,0.828
"315",0.153,0.486,0.871
"316",0.281,0.809,0.94
"317",0.198,0.736,0.928
"318",0.183,0.685,0.914
"319",0.261,0.801,0.959
"320",0.218,0.783,0.94
"321",0.122,0.506,0.87
"322",0.348,0.804,0.963
"323",0.157,0.581,0.856
"324",0.172,0.633,0.921
"325",0.205,0.681,0.919
"326",0.392,0.839,0.968
"327",0.159,0.596,0.896
"328",0.254,0.766,0.94
"329",0.23,0.74,0.912
"330",0.16,0.66,0.91
"331",0.07,0.583,0.884
"332",0.134,0.557,0.871
"333",0.301,0.763,0.934
"334",0.201,0.704,0.912
"335",0.25,0.766,0.945
"336",0.346,0.862,0.963
"337",0.186,0.699,0.92
"338",0.159,0.692,0.925
"339",0.254,0.756,0.948
"340",0.087,0.628,0.886
"341",0.25,0.741,0.932
"342",0.107,0.575,0.873
"343",0.155,0.638,0.894
"344",0.168,0.663,0.897
"345",0.192,0.727,0.931
"346",0.277,0.76,0.955
"347",0.302,0.779,0.948
"348",0.212,0.689,0.925
"349",0.29,0.781,0.939
"350",0.205,0.735,0.934
"351",0.146,0.632,0.897
"352",0.163,0.736,0.923
"353",0.23,0.688,0.898
"354",0.277,0.782,0.94
"355",0.27,0.786,0.944
"356",0.208,0.707,0.928
"357",0.186,0.675,0.92
"358",0.158,0.674,0.921
"359",0.25,0.755,0.958
"360",0.151,0.553,0.856
"361",0.2,0.695,0.92
"362",0.137,0.577,0.891
"363",0.157,0.682,0.915
"364",0.207,0.719,0.926
"365",0.092,0.652,0.909
"366",0.303,0.818,0.958
"367",0.247,0.726,0.917
"368",0.221,0.728,0.919
"369",0.263,0.77,0.95
"370",0.211,0.747,0.941
"371",0.208,0.694,0.919
"372",0.24,0.738,0.943
"373",0.202,0.662,0.919
"374",0.219,0.758,0.942
"375",0.173,0.651,0.906
"376",0.151,0.647,0.896
"377",0.248,0.768,0.929
"378",0.293,0.787,0.931
"379",0.191,0.679,0.927
"380",0.163,0.722,0.92
"381",0.221,0.69,0.913
"382",0.271,0.815,0.944
"383",0.291,0.811,0.951
"384",0.303,0.821,0.964
"385",0.317,0.818,0.962
"386",0.166,0.624,0.897
"387",0.238,0.765,0.929
"388",0.145,0.537,0.876
"389",0.184,0.646,0.883
"390",0.232,0.724,0.941
"391",0.177,0.65,0.899
"392",0.234,0.737,0.922
"393",0.284,0.81,0.973
"394",0.239,0.798,0.955
"395",0.181,0.64,0.896
"396",0.269,0.76,0.931
"397",0.2,0.673,0.923
"398",0.21,0.663,0.927
"399",0.195,0.716,0.945
"400",0.072,0.679,0.927
"401",0.18,0.685,0.907
"402",0.233,0.752,0.936
"403",0.32,0.793,0.923
"404",0.174,0.655,0.919
"405",0.438,0.871,0.975
"406",0.234,0.771,0.937
"407",0.158,0.548,0.874
"408",0.062,0.477,0.849
"409",0.205,0.692,0.942
"410",0.185,0.716,0.939
"411",0.135,0.553,0.868
"412",0.286,0.794,0.951
"413",0.213,0.719,0.887
"414",0.151,0.603,0.889
"415",0.241,0.729,0.91
"416",0.297,0.763,0.947
"417",0.155,0.639,0.895
"418",0.181,0.732,0.92
"419",0.199,0.687,0.923
"420",0.214,0.708,0.942
"421",0.07,0.469,0.826
"422",0.302,0.81,0.949
"423",0.191,0.662,0.896
"424",0.224,0.719,0.922
"425",0.226,0.724,0.954
"426",0.281,0.773,0.94
"427",0.281,0.805,0.937
"428",0.149,0.612,0.89
"429",0.425,0.834,0.96
"430",0.26,0.76,0.937
"431",0.241,0.716,0.914
"432",0.129,0.513,0.865
"433",0.268,0.757,0.955
"434",0.323,0.805,0.953
"435",0.143,0.629,0.893
"436",0.145,0.555,0.881
"437",0.186,0.682,0.907
"438",0.189,0.697,0.918
"439",0.239,0.796,0.94
"440",0.204,0.642,0.923
"441",0.193,0.654,0.926
"442",0.195,0.723,0.92
"443",0.185,0.655,0.901
"444",0.166,0.626,0.9
"445",0.148,0.58,0.885
"446",0.261,0.816,0.966
"447",0.179,0.699,0.924
"448",0.206,0.735,0.943
"449",0.191,0.74,0.926
"450",0.25,0.772,0.947
"451",0.264,0.743,0.927
"452",0.21,0.756,0.936
"453",0.268,0.766,0.941
"454",0.305,0.812,0.962
"455",0.197,0.741,0.931
"456",0.187,0.664,0.925
"457",0.207,0.717,0.927
"458",0.254,0.702,0.926
"459",0.252,0.792,0.933
"460",0.195,0.656,0.918
"461",0.252,0.764,0.947
"462",0.217,0.712,0.919
"463",0.157,0.63,0.927
"464",0.241,0.793,0.953
"465",0.314,0.794,0.955
"466",0.196,0.716,0.923
"467",0.218,0.72,0.925
"468",0.18,0.672,0.93
"469",0.195,0.737,0.925
"470",0.314,0.778,0.939
"471",0.269,0.806,0.957
"472",0.401,0.883,0.981
"473",0.273,0.804,0.938
"474",0.146,0.592,0.898
"475",0.223,0.693,0.926
"476",0.082,0.601,0.882
"477",0.186,0.744,0.929
"478",0.184,0.637,0.899
"479",0.21,0.731,0.939
"480",0.32,0.82,0.965
"481",0.264,0.811,0.955
"482",0.231,0.742,0.931
"483",0.145,0.555,0.875
"484",0.182,0.617,0.895
"485",0.227,0.753,0.933
"486",0.237,0.757,0.935
"487",0.191,0.698,0.92
"488",0.346,0.838,0.97
"489",0.234,0.779,0.94
"490",0.244,0.779,0.948
"491",0.219,0.727,0.932
"492",0.244,0.784,0.953
"493",0.265,0.767,0.937
"494",0.334,0.792,0.952
"495",0.187,0.73,0.932
"496",0.191,0.684,0.908
"497",0.203,0.724,0.911
"498",0.214,0.684,0.905
"499",0.212,0.754,0.937
"500",0.184,0.703,0.932
"501",0.188,0.665,0.912
"502",0.175,0.653,0.902
"503",0.138,0.641,0.894
"504",0.314,0.788,0.937
"505",0.202,0.732,0.925
"506",0.201,0.653,0.917
"507",0.208,0.682,0.924
"508",0.321,0.812,0.97
"509",0.334,0.843,0.947
"510",0.232,0.778,0.932
"511",0.28,0.75,0.941
"512",0.131,0.568,0.877
"513",0.25,0.717,0.961
"514",0.132,0.525,0.824
"515",0.17,0.696,0.918
"516",0.249,0.747,0.926
"517",0.179,0.611,0.874
"518",0.222,0.76,0.93
"519",0.203,0.717,0.941
"520",0.035,0.524,0.856
"521",0.154,0.689,0.92
"522",0.211,0.721,0.933
"523",0.182,0.651,0.889
"524",0.231,0.731,0.921
"525",0.24,0.758,0.94
"526",0.167,0.635,0.925
"527",0.227,0.732,0.931
"528",0.239,0.73,0.929
"529",0.233,0.771,0.946
"530",0.166,0.634,0.919
"531",0.196,0.682,0.914
"532",0.211,0.762,0.932
"533",0.444,0.918,0.979
"534",0.14,0.601,0.853
"535",0.211,0.7,0.925
"536",0.335,0.786,0.927
"537",0.176,0.675,0.916
"538",0.293,0.811,0.953
"539",0.18,0.665,0.906
"540",0.189,0.546,0.89
"541",0.269,0.769,0.94
"542",0.166,0.678,0.915
"543",0.258,0.788,0.939
"544",0.335,0.835,0.951
"545",0.278,0.79,0.947
"546",0.238,0.795,0.94
"547",0.243,0.775,0.955
"548",0.251,0.77,0.948
"549",0.06,0.504,0.85
"550",0.326,0.826,0.957
"551",0.201,0.713,0.914
"552",0.209,0.703,0.912
"553",0.221,0.746,0.939
"554",0.133,0.651,0.929
"555",0.206,0.657,0.914
"556",0.238,0.805,0.953
"557",0.145,0.668,0.93
"558",0.115,0.463,0.826
"559",0.215,0.773,0.948
"560",0.334,0.794,0.941
"561",0.15,0.634,0.928
"562",0.228,0.726,0.942
"563",0.155,0.634,0.919
"564",0.264,0.763,0.928
"565",0.196,0.67,0.912
"566",0.165,0.541,0.837
"567",0.286,0.785,0.95
"568",0.234,0.798,0.952
"569",0.137,0.618,0.876
"570",0.282,0.791,0.931
"571",0.207,0.67,0.895
"572",0.142,0.716,0.914
"573",0.262,0.768,0.947
"574",0.283,0.791,0.944
"575",0.153,0.604,0.898
"576",0.235,0.798,0.955
"577",0.198,0.792,0.943
"578",0.292,0.789,0.938
"579",0.198,0.735,0.918
"580",0.263,0.783,0.949
"581",0.293,0.801,0.942
"582",0.289,0.748,0.929
"583",0.274,0.804,0.946
"584",0.192,0.668,0.92
"585",0.226,0.758,0.934
"586",0.236,0.739,0.952
"587",0.168,0.604,0.882
"588",0.218,0.728,0.906
"589",0.195,0.713,0.923
"590",0.212,0.698,0.91
"591",0.144,0.638,0.911
"592",0.182,0.627,0.877
"593",0.365,0.819,0.957
"594",0.289,0.805,0.956
"595",0.193,0.647,0.915
"596",0.056,0.434,0.809
"597",0.249,0.75,0.942
"598",0.305,0.817,0.956
"599",0.195,0.734,0.922
"600",0.104,0.55,0.859
"601",0.177,0.69,0.907
"602",0.207,0.723,0.929
"603",0.175,0.676,0.903
"604",0.222,0.72,0.937
"605",0.23,0.736,0.918
"606",0.208,0.785,0.919
"607",0.164,0.575,0.869
"608",0.194,0.679,0.914
"609",0.163,0.616,0.886
"610",0.257,0.746,0.94
"611",0.249,0.797,0.946
"612",0.145,0.614,0.89
"613",0.085,0.469,0.826
"614",0.295,0.814,0.967
"615",0.186,0.64,0.907
"616",0.258,0.747,0.942
"617",0.191,0.686,0.919
"618",0.302,0.77,0.955
"619",0.204,0.713,0.924
"620",0.236,0.759,0.928
"621",0.135,0.603,0.897
"622",0.106,0.582,0.88
"623",0.265,0.799,0.954
"624",0.16,0.649,0.891
"625",0.135,0.562,0.901
"626",0.333,0.876,0.985
"627",0.312,0.803,0.953
"628",0.192,0.729,0.952
"629",0.19,0.728,0.921
"630",0.297,0.763,0.948
"631",0.203,0.678,0.92
"632",0.056,0.468,0.848
"633",0.206,0.715,0.933
"634",0.214,0.733,0.935
"635",0.035,0.532,0.87
"636",0.203,0.675,0.901
"637",0.232,0.689,0.92
"638",0.158,0.614,0.905
"639",0.246,0.755,0.918
"640",0.221,0.69,0.892
"641",0.166,0.623,0.905
"642",0.266,0.779,0.947
"643",0.276,0.734,0.93
"644",0.22,0.736,0.908
"645",0.241,0.78,0.923
"646",0.282,0.777,0.947
"647",0.237,0.783,0.955
"648",0.211,0.717,0.936
"649",0.211,0.782,0.958
"650",0.242,0.773,0.949
"651",0.238,0.75,0.923
"652",0.21,0.703,0.927
"653",0.269,0.789,0.954
"654",0.173,0.732,0.93
"655",0.048,0.524,0.839
"656",0.329,0.793,0.953
"657",0.209,0.654,0.934
"658",0.193,0.668,0.916
"659",0.142,0.537,0.876
"660",0.398,0.886,0.964
"661",0.187,0.748,0.917
"662",0.226,0.765,0.938
"663",0.273,0.778,0.966
"664",0.149,0.59,0.898
"665",0.208,0.773,0.944
"666",0.303,0.815,0.958
"667",0.196,0.62,0.92
"668",0.136,0.66,0.913
"669",0.199,0.689,0.911
"670",0.18,0.655,0.918
"671",0.314,0.819,0.957
"672",0.173,0.583,0.903
"673",0.387,0.833,0.963
"674",0.306,0.835,0.946
"675",0.301,0.785,0.939
"676",0.258,0.779,0.947
"677",0.209,0.721,0.909
"678",0.244,0.748,0.933
"679",0.191,0.724,0.935
"680",0.319,0.833,0.966
"681",0.234,0.741,0.935
"682",0.225,0.685,0.931
"683",0.228,0.757,0.948
"684",0.245,0.779,0.933
"685",0.43,0.873,0.972
"686",0.161,0.624,0.909
"687",0.263,0.78,0.949
"688",0.227,0.711,0.935
"689",0.303,0.797,0.933
"690",0.209,0.73,0.937
"691",0.177,0.693,0.916
"692",0.24,0.743,0.927
"693",0.196,0.697,0.915
"694",0.156,0.649,0.904
"695",0.21,0.666,0.928
"696",0.254,0.791,0.946
"697",0.052,0.596,0.902
"698",0.053,0.571,0.85
"699",0.186,0.734,0.914
"700",0.23,0.737,0.928
"701",0.037,0.587,0.894
"702",0.33,0.844,0.968
"703",0.178,0.634,0.91
"704",0.296,0.803,0.948
"705",0.126,0.657,0.909
"706",0.238,0.725,0.924
"707",0.156,0.604,0.874
"708",0.268,0.785,0.938
"709",0.288,0.786,0.942
"710",0.152,0.589,0.89
"711",0.232,0.723,0.938
"712",0.134,0.594,0.894
"713",0.339,0.826,0.958
"714",0.112,0.621,0.899
"715",0.111,0.543,0.871
"716",0.178,0.659,0.922
"717",0.238,0.754,0.927
"718",0.154,0.624,0.903
"719",0.239,0.754,0.947
"720",0.477,0.888,0.982
"721",0.163,0.63,0.898
"722",0.226,0.766,0.943
"723",0.17,0.724,0.931
"724",0.196,0.692,0.937
"725",0.214,0.752,0.935
"726",0.242,0.799,0.958
"727",0.148,0.647,0.901
"728",0.33,0.847,0.962
"729",0.271,0.821,0.954
"730",0.221,0.721,0.941
"731",0.312,0.838,0.956
"732",0.182,0.762,0.943
"733",0.203,0.722,0.936
"734",0.308,0.802,0.953
"735",0.184,0.664,0.925
"736",0.166,0.637,0.903
"737",0.039,0.47,0.847
"738",0.333,0.79,0.959
"739",0.242,0.734,0.925
"740",0.27,0.734,0.938
"741",0.197,0.671,0.913
"742",0.15,0.587,0.904
"743",0.213,0.708,0.937
"744",0.345,0.849,0.94
"745",0.047,0.47,0.859
"746",0.291,0.789,0.945
"747",0.147,0.58,0.876
"748",0.254,0.773,0.946
"749",0.167,0.644,0.897
"750",0.181,0.656,0.896
"751",0.171,0.632,0.904
"752",0.177,0.734,0.939
"753",0.196,0.602,0.889
"754",0.159,0.666,0.907
"755",0.234,0.761,0.939
"756",0.167,0.571,0.903
"757",0.188,0.695,0.945
"758",0.295,0.799,0.934
"759",0.193,0.692,0.932
"760",0.141,0.657,0.898
"761",0.439,0.887,0.976
"762",0.325,0.866,0.978
"763",0.16,0.57,0.852
"764",0.176,0.655,0.9
"765",0.241,0.743,0.919
"766",0.242,0.739,0.935
"767",0.211,0.761,0.937
"768",0.044,0.371,0.754
"769",0.166,0.664,0.907
"770",0.176,0.632,0.903
"771",0.19,0.721,0.934
"772",0.153,0.644,0.91
"773",0.213,0.705,0.935
"774",0.052,0.533,0.867
"775",0.165,0.577,0.85
"776",0.162,0.525,0.856
"777",0.205,0.704,0.929
"778",0.352,0.833,0.963
"779",0.184,0.709,0.916
"780",0.317,0.814,0.947
"781",0.205,0.673,0.933
"782",0.168,0.72,0.94
"783",0.151,0.649,0.947
"784",0.335,0.841,0.965
"785",0.272,0.778,0.945
"786",0.192,0.627,0.911
"787",0.193,0.689,0.932
"788",0.232,0.719,0.928
"789",0.141,0.626,0.881
"790",0.165,0.618,0.882
"791",0.231,0.76,0.945
"792",0.292,0.798,0.954
"793",0.143,0.595,0.862
"794",0.195,0.694,0.926
"795",0.137,0.639,0.897
"796",0.309,0.821,0.969
"797",0.211,0.724,0.933
"798",0.232,0.743,0.932
"799",0.237,0.752,0.938
"800",0.206,0.732,0.957
"801",0.395,0.868,0.97
"802",0.275,0.758,0.941
"803",0.154,0.668,0.926
"804",0.124,0.568,0.865
"805",0.289,0.805,0.947
"806",0.287,0.792,0.932
"807",0.116,0.519,0.844
"808",0.2,0.703,0.935
"809",0.252,0.791,0.963
"810",0.456,0.895,0.97
"811",0.408,0.864,0.969
"812",0.181,0.634,0.897
"813",0.163,0.697,0.905
"814",0.375,0.852,0.95
"815",0.235,0.766,0.944
"816",0.355,0.841,0.971
"817",0.303,0.768,0.945
"818",0.102,0.468,0.855
"819",0.272,0.813,0.95
"820",0.271,0.801,0.938
"821",0.106,0.658,0.911
"822",0.111,0.636,0.9
"823",0.192,0.665,0.903
"824",0.183,0.7,0.897
"825",0.195,0.638,0.907
"826",0.193,0.631,0.903
"827",0.181,0.738,0.946
"828",0.284,0.821,0.958
"829",0.198,0.681,0.913
"830",0.125,0.616,0.909
"831",0.126,0.535,0.877
"832",0.184,0.686,0.941
"833",0.25,0.744,0.943
"834",0.277,0.819,0.945
"835",0.152,0.651,0.92
"836",0.161,0.577,0.895
"837",0.281,0.807,0.953
"838",0.176,0.759,0.943
"839",0.219,0.779,0.948
"840",0.214,0.71,0.913
"841",0.372,0.834,0.956
"842",0.038,0.426,0.819
"843",0.255,0.797,0.94
"844",0.235,0.77,0.929
"845",0.183,0.72,0.914
"846",0.314,0.798,0.953
"847",0.212,0.722,0.926
"848",0.172,0.664,0.918
"849",0.169,0.621,0.875
"850",0.147,0.605,0.877
"851",0.206,0.738,0.917
"852",0.177,0.682,0.895
"853",0.137,0.629,0.912
"854",0.19,0.736,0.937
"855",0.234,0.746,0.931
"856",0.321,0.798,0.962
"857",0.252,0.773,0.93
"858",0.166,0.64,0.901
"859",0.419,0.877,0.968
"860",0.237,0.752,0.932
"861",0.256,0.76,0.949
"862",0.045,0.473,0.805
"863",0.246,0.771,0.933
"864",0.165,0.628,0.895
"865",0.201,0.692,0.931
"866",0.24,0.772,0.952
"867",0.055,0.425,0.769
"868",0.222,0.737,0.952
"869",0.246,0.771,0.95
"870",0.244,0.763,0.957
"871",0.152,0.696,0.911
"872",0.281,0.823,0.949
"873",0.276,0.782,0.96
"874",0.078,0.608,0.891
"875",0.154,0.544,0.86
"876",0.25,0.729,0.915
"877",0.268,0.794,0.956
"878",0.196,0.729,0.943
"879",0.162,0.591,0.894
"880",0.205,0.69,0.92
"881",0.182,0.652,0.904
"882",0.184,0.733,0.932
"883",0.339,0.779,0.947
"884",0.201,0.683,0.905
"885",0.223,0.703,0.915
"886",0.292,0.807,0.952
"887",0.265,0.826,0.964
"888",0.245,0.753,0.945
"889",0.299,0.782,0.954
"890",0.246,0.732,0.938
"891",0.175,0.628,0.895
"892",0.266,0.744,0.936
"893",0.291,0.762,0.96
"894",0.265,0.782,0.956
"895",0.144,0.57,0.9
"896",0.143,0.543,0.872
"897",0.225,0.749,0.933
"898",0.202,0.703,0.942
"899",0.061,0.434,0.809
"900",0.172,0.595,0.882
"901",0.193,0.631,0.898
"902",0.229,0.759,0.942
"903",0.247,0.76,0.946
"904",0.21,0.722,0.914
"905",0.18,0.631,0.884
"906",0.283,0.794,0.943
"907",0.28,0.788,0.946
"908",0.251,0.769,0.933
"909",0.208,0.749,0.944
"910",0.229,0.771,0.938
"911",0.28,0.79,0.914
"912",0.146,0.567,0.882
"913",0.265,0.771,0.955
"914",0.168,0.583,0.892
"915",0.228,0.728,0.93
"916",0.181,0.72,0.932
"917",0.207,0.747,0.95
"918",0.297,0.784,0.939
"919",0.295,0.795,0.945
"920",0.203,0.724,0.933
"921",0.261,0.779,0.938
"922",0.242,0.792,0.95
"923",0.279,0.784,0.938
"924",0.229,0.753,0.933
"925",0.187,0.732,0.936
"926",0.267,0.784,0.941
"927",0.372,0.868,0.966
"928",0.278,0.83,0.962
"929",0.172,0.703,0.912
"930",0.166,0.616,0.912
"931",0.103,0.548,0.873
"932",0.255,0.785,0.951
"933",0.172,0.732,0.922
"934",0.211,0.71,0.924
"935",0.191,0.691,0.902
"936",0.212,0.697,0.912
"937",0.242,0.772,0.942
"938",0.227,0.712,0.916
"939",0.2,0.681,0.924
"940",0.244,0.797,0.945
"941",0.321,0.801,0.949
"942",0.207,0.706,0.928
"943",0.189,0.725,0.955
"944",0.277,0.779,0.924
"945",0.166,0.661,0.908
"946",0.189,0.71,0.933
"947",0.418,0.861,0.961
"948",0.208,0.721,0.923
"949",0.251,0.755,0.922
"950",0.285,0.794,0.938
"951",0.325,0.852,0.963
"952",0.211,0.741,0.937
"953",0.078,0.484,0.832
"954",0.146,0.656,0.895
"955",0.273,0.754,0.923
"956",0.314,0.803,0.961
"957",0.213,0.646,0.921
"958",0.087,0.447,0.845
"959",0.233,0.749,0.934
"960",0.206,0.737,0.923
"961",0.415,0.888,0.963
"962",0.283,0.79,0.952
"963",0.212,0.776,0.949
"964",0.21,0.776,0.953
"965",0.352,0.802,0.956
"966",0.196,0.733,0.947
"967",0.143,0.578,0.889
"968",0.296,0.805,0.942
"969",0.161,0.688,0.91
"970",0.191,0.716,0.941
"971",0.279,0.79,0.945
"972",0.292,0.802,0.949
"973",0.169,0.663,0.897
"974",0.23,0.735,0.961
"975",0.309,0.788,0.935
"976",0.372,0.837,0.966
"977",0.238,0.708,0.929
"978",0.215,0.65,0.909
"979",0.15,0.725,0.939
"980",0.174,0.583,0.909
"981",0.257,0.774,0.957
"982",0.147,0.512,0.859
"983",0.178,0.674,0.919
"984",0.211,0.762,0.906
"985",0.272,0.823,0.955
"986",0.244,0.765,0.964
"987",0.186,0.681,0.923
"988",0.218,0.752,0.942
"989",0.162,0.567,0.863
"990",0.036,0.558,0.866
"991",0.148,0.68,0.921
"992",0.148,0.554,0.863
"993",0.232,0.671,0.912
"994",0.284,0.782,0.938
"995",0.237,0.741,0.91
"996",0.169,0.689,0.911
"997",0.195,0.739,0.942
"998",0.204,0.74,0.928
"999",0.236,0.771,0.953
"1000",0.51,0.881,0.969
"1001",0.133,0.678,0.933
"1002",0.378,0.814,0.934
"1003",0.167,0.614,0.89
"1004",0.243,0.748,0.934
"1005",0.181,0.716,0.917
"1006",0.326,0.859,0.965
"1007",0.359,0.861,0.968
"1008",0.211,0.683,0.91
"1009",0.234,0.716,0.936
"1010",0.157,0.619,0.878
"1011",0.137,0.48,0.859
"1012",0.196,0.72,0.931
"1013",0.11,0.439,0.815
"1014",0.215,0.701,0.918
"1015",0.158,0.606,0.915
"1016",0.286,0.793,0.955
"1017",0.196,0.683,0.909
"1018",0.292,0.788,0.919
"1019",0.232,0.706,0.942
"1020",0.218,0.732,0.921
"1021",0.251,0.762,0.917
"1022",0.216,0.726,0.94
"1023",0.315,0.834,0.955
"1024",0.176,0.725,0.923
"1025",0.277,0.777,0.957
"1026",0.222,0.792,0.93
"1027",0.225,0.756,0.953
"1028",0.184,0.714,0.924
"1029",0.112,0.575,0.882
"1030",0.124,0.577,0.888
"1031",0.29,0.773,0.951
"1032",0.241,0.719,0.92
"1033",0.227,0.76,0.949
"1034",0.323,0.821,0.945
"1035",0.256,0.742,0.939
"1036",0.347,0.823,0.946
"1037",0.243,0.739,0.933
"1038",0.058,0.438,0.888
"1039",0.189,0.608,0.905
"1040",0.549,0.884,0.968
"1041",0.246,0.784,0.935
"1042",0.174,0.682,0.896
"1043",0.195,0.691,0.905
"1044",0.309,0.785,0.953
"1045",0.278,0.776,0.956
"1046",0.158,0.648,0.923
"1047",0.164,0.578,0.891
"1048",0.173,0.699,0.918
"1049",0.178,0.707,0.924
"1050",0.247,0.772,0.946
"1051",0.313,0.8,0.951
"1052",0.277,0.832,0.964
"1053",0.34,0.825,0.947
"1054",0.267,0.772,0.931
"1055",0.162,0.689,0.907
"1056",0.155,0.617,0.89
"1057",0.246,0.714,0.933
"1058",0.227,0.733,0.946
"1059",0.169,0.637,0.919
"1060",0.125,0.494,0.831
"1061",0.243,0.789,0.936
"1062",0.326,0.789,0.963
"1063",0.21,0.699,0.918
"1064",0.188,0.586,0.889
"1065",0.35,0.866,0.971
"1066",0.269,0.753,0.948
"1067",0.042,0.58,0.898
"1068",0.16,0.644,0.902
"1069",0.173,0.722,0.908
"1070",0.155,0.601,0.889
"1071",0.198,0.744,0.945
"1072",0.172,0.687,0.933
"1073",0.312,0.806,0.959
"1074",0.121,0.563,0.874
"1075",0.323,0.835,0.955
"1076",0.248,0.81,0.949
"1077",0.339,0.82,0.965
"1078",0.253,0.789,0.963
"1079",0.177,0.63,0.907
"1080",0.261,0.761,0.95
"1081",0.378,0.832,0.942
"1082",0.281,0.78,0.95
"1083",0.23,0.756,0.943
"1084",0.257,0.799,0.943
"1085",0.246,0.735,0.914
"1086",0.32,0.797,0.956
"1087",0.215,0.72,0.925
"1088",0.106,0.491,0.87
"1089",0.106,0.547,0.871
"1090",0.098,0.657,0.931
"1091",0.224,0.738,0.916
"1092",0.135,0.561,0.888
"1093",0.2,0.765,0.946
"1094",0.299,0.818,0.945
"1095",0.44,0.859,0.971
"1096",0.221,0.707,0.903
"1097",0.299,0.807,0.954
"1098",0.234,0.749,0.935
"1099",0.293,0.822,0.948
"1100",0.219,0.753,0.924
"1101",0.151,0.623,0.905
"1102",0.242,0.759,0.937
"1103",0.196,0.635,0.904
"1104",0.157,0.727,0.927
"1105",0.261,0.748,0.944
"1106",0.122,0.491,0.816
"1107",0.231,0.742,0.929
"1108",0.173,0.654,0.904
"1109",0.167,0.611,0.888
"1110",0.31,0.829,0.955
"1111",0.251,0.781,0.957
"1112",0.253,0.779,0.936
"1113",0.287,0.855,0.952
"1114",0.288,0.768,0.935
"1115",0.167,0.584,0.867
"1116",0.189,0.701,0.9
"1117",0.109,0.585,0.859
"1118",0.181,0.609,0.9
"1119",0.298,0.833,0.958
"1120",0.205,0.763,0.949
"1121",0.202,0.741,0.954
"1122",0.478,0.889,0.98
"1123",0.292,0.836,0.966
"1124",0.099,0.578,0.876
"1125",0.19,0.738,0.93
"1126",0.19,0.711,0.924
"1127",0.158,0.659,0.893
"1128",0.224,0.707,0.92
"1129",0.119,0.57,0.886
"1130",0.275,0.795,0.94
"1131",0.137,0.525,0.873
"1132",0.148,0.637,0.877
"1133",0.181,0.671,0.893
"1134",0.187,0.67,0.931
"1135",0.381,0.857,0.951
"1136",0.252,0.791,0.958
"1137",0.191,0.681,0.932
"1138",0.188,0.652,0.888
"1139",0.172,0.707,0.923
"1140",0.278,0.84,0.969
"1141",0.238,0.777,0.948
"1142",0.343,0.855,0.971
"1143",0.18,0.614,0.91
"1144",0.183,0.659,0.909
"1145",0.11,0.541,0.87
"1146",0.238,0.705,0.907
"1147",0.122,0.607,0.914
"1148",0.171,0.72,0.923
"1149",0.265,0.742,0.93
"1150",0.273,0.753,0.951
"1151",0.182,0.618,0.883
"1152",0.235,0.765,0.934
"1153",0.193,0.689,0.94
"1154",0.332,0.843,0.975
"1155",0.207,0.688,0.902
"1156",0.199,0.681,0.925
"1157",0.186,0.661,0.919
"1158",0.203,0.64,0.916
"1159",0.197,0.677,0.934
"1160",0.347,0.843,0.958
"1161",0.157,0.592,0.88
"1162",0.208,0.743,0.92
"1163",0.206,0.701,0.916
"1164",0.25,0.699,0.916
"1165",0.286,0.787,0.945
"1166",0.209,0.75,0.942
"1167",0.177,0.739,0.912
"1168",0.197,0.753,0.929
"1169",0.383,0.852,0.964
"1170",0.267,0.774,0.933
"1171",0.3,0.818,0.964
"1172",0.271,0.82,0.951
"1173",0.213,0.675,0.884
"1174",0.259,0.783,0.926
"1175",0.311,0.804,0.94
"1176",0.123,0.618,0.899
"1177",0.268,0.764,0.944
"1178",0.209,0.691,0.931
"1179",0.218,0.654,0.901
"1180",0.341,0.824,0.962
"1181",0.171,0.608,0.877
"1182",0.289,0.776,0.95
"1183",0.224,0.711,0.937
"1184",0.315,0.826,0.958
"1185",0.13,0.553,0.884
"1186",0.264,0.73,0.934
"1187",0.124,0.521,0.854
"1188",0.17,0.599,0.909
"1189",0.264,0.778,0.945
"1190",0.33,0.801,0.957
"1191",0.15,0.663,0.912
"1192",0.288,0.777,0.94
"1193",0.105,0.413,0.776
"1194",0.201,0.753,0.94
"1195",0.246,0.746,0.957
"1196",0.226,0.733,0.936
"1197",0.216,0.731,0.929
"1198",0.268,0.798,0.97
"1199",0.24,0.76,0.962
"1200",0.198,0.712,0.924
"1201",0.231,0.713,0.939
"1202",0.226,0.734,0.926
"1203",0.217,0.692,0.929
"1204",0.2,0.712,0.917
"1205",0.139,0.619,0.873
"1206",0.165,0.639,0.91
"1207",0.088,0.423,0.805
"1208",0.178,0.642,0.904
"1209",0.218,0.718,0.908
"1210",0.177,0.684,0.92
"1211",0.217,0.736,0.943
"1212",0.306,0.842,0.977
"1213",0.186,0.624,0.894
"1214",0.167,0.657,0.895
"1215",0.179,0.646,0.911
"1216",0.175,0.695,0.94
"1217",0.201,0.67,0.903
"1218",0.233,0.717,0.906
"1219",0.133,0.594,0.874
"1220",0.287,0.783,0.948
"1221",0.139,0.559,0.871
"1222",0.226,0.758,0.916
"1223",0.175,0.648,0.897
"1224",0.05,0.618,0.896
"1225",0.259,0.787,0.949
"1226",0.228,0.771,0.944
"1227",0.229,0.761,0.947
"1228",0.151,0.615,0.898
"1229",0.186,0.665,0.884
"1230",0.092,0.473,0.846
"1231",0.271,0.774,0.961
"1232",0.258,0.775,0.925
"1233",0.141,0.569,0.875
"1234",0.2,0.688,0.944
"1235",0.227,0.675,0.942
"1236",0.373,0.842,0.966
"1237",0.122,0.496,0.837
"1238",0.191,0.659,0.913
"1239",0.281,0.793,0.928
"1240",0.315,0.804,0.933
"1241",0.178,0.709,0.929
"1242",0.18,0.67,0.928
"1243",0.203,0.678,0.912
"1244",0.349,0.863,0.965
"1245",0.187,0.755,0.925
"1246",0.305,0.835,0.95
"1247",0.203,0.794,0.945
"1248",0.239,0.742,0.912
"1249",0.131,0.626,0.9
"1250",0.163,0.666,0.913
"1251",0.292,0.775,0.942
"1252",0.159,0.642,0.923
"1253",0.22,0.731,0.932
"1254",0.203,0.726,0.929
"1255",0.138,0.654,0.9
"1256",0.11,0.524,0.877
"1257",0.291,0.839,0.959
"1258",0.249,0.732,0.927
"1259",0.138,0.611,0.891
"1260",0.14,0.668,0.909
"1261",0.299,0.819,0.964
"1262",0.18,0.704,0.943
"1263",0.155,0.543,0.86
"1264",0.231,0.752,0.936
"1265",0.255,0.724,0.913
"1266",0.355,0.845,0.958
"1267",0.247,0.747,0.939
"1268",0.318,0.796,0.957
"1269",0.159,0.616,0.905
"1270",0.19,0.659,0.914
"1271",0.192,0.74,0.937
"1272",0.27,0.756,0.954
"1273",0.208,0.715,0.921
"1274",0.166,0.649,0.882
"1275",0.123,0.651,0.902
"1276",0.25,0.769,0.946
"1277",0.212,0.717,0.922
"1278",0.198,0.708,0.937
"1279",0.184,0.622,0.908
"1280",0.215,0.72,0.94
"1281",0.208,0.683,0.914
"1282",0.297,0.801,0.955
"1283",0.205,0.78,0.95
"1284",0.243,0.77,0.959
"1285",0.097,0.469,0.844
"1286",0.247,0.778,0.936
"1287",0.238,0.731,0.924
"1288",0.251,0.788,0.958
"1289",0.173,0.684,0.91
"1290",0.177,0.557,0.895
"1291",0.246,0.813,0.946
"1292",0.216,0.748,0.923
"1293",0.294,0.766,0.939
"1294",0.345,0.818,0.962
"1295",0.129,0.668,0.911
"1296",0.142,0.607,0.922
"1297",0.332,0.808,0.951
"1298",0.24,0.792,0.959
"1299",0.335,0.835,0.956
"1300",0.278,0.765,0.917
"1301",0.308,0.79,0.958
"1302",0.147,0.708,0.91
"1303",0.135,0.532,0.902
"1304",0.261,0.776,0.963
"1305",0.241,0.775,0.939
"1306",0.363,0.818,0.957
"1307",0.176,0.632,0.914
"1308",0.242,0.717,0.92
"1309",0.237,0.737,0.935
"1310",0.168,0.655,0.906
"1311",0.164,0.651,0.931
"1312",0.229,0.766,0.944
"1313",0.299,0.804,0.937
"1314",0.232,0.818,0.959
"1315",0.137,0.698,0.929
"1316",0.129,0.57,0.882
"1317",0.342,0.829,0.951
"1318",0.123,0.636,0.91
"1319",0.176,0.603,0.911
"1320",0.155,0.663,0.924
"1321",0.436,0.86,0.957
"1322",0.233,0.768,0.949
"1323",0.242,0.732,0.909
"1324",0.409,0.875,0.967
"1325",0.345,0.816,0.959
"1326",0.144,0.505,0.85
"1327",0.248,0.769,0.954
"1328",0.346,0.825,0.966
"1329",0.347,0.824,0.956
"1330",0.306,0.807,0.939
"1331",0.062,0.463,0.841
"1332",0.139,0.57,0.902
"1333",0.177,0.606,0.896
"1334",0.255,0.755,0.962
"1335",0.206,0.682,0.901
"1336",0.143,0.574,0.872
"1337",0.175,0.684,0.902
"1338",0.115,0.57,0.876
"1339",0.342,0.86,0.972
"1340",0.19,0.624,0.915
"1341",0.199,0.666,0.895
"1342",0.233,0.772,0.94
"1343",0.207,0.781,0.941
"1344",0.173,0.604,0.898
"1345",0.113,0.65,0.907
"1346",0.215,0.699,0.919
"1347",0.124,0.71,0.924
"1348",0.16,0.618,0.908
"1349",0.279,0.825,0.958
"1350",0.236,0.761,0.942
"1351",0.265,0.77,0.948
"1352",0.25,0.814,0.947
"1353",0.497,0.865,0.966
"1354",0.211,0.726,0.957
"1355",0.128,0.641,0.897
"1356",0.264,0.781,0.951
"1357",0.199,0.677,0.921
"1358",0.149,0.716,0.904
"1359",0.251,0.753,0.916
"1360",0.22,0.689,0.919
"1361",0.254,0.818,0.967
"1362",0.315,0.801,0.956
"1363",0.104,0.727,0.926
"1364",0.122,0.533,0.859
"1365",0.222,0.775,0.957
"1366",0.223,0.762,0.936
"1367",0.21,0.633,0.896
"1368",0.209,0.726,0.961
"1369",0.28,0.793,0.948
"1370",0.212,0.697,0.922
"1371",0.278,0.773,0.943
"1372",0.239,0.78,0.936
"1373",0.345,0.813,0.956
"1374",0.36,0.776,0.945
"1375",0.251,0.766,0.947
"1376",0.24,0.71,0.912
"1377",0.179,0.666,0.918
"1378",0.166,0.652,0.886
"1379",0.242,0.734,0.934
"1380",0.175,0.644,0.916
"1381",0.209,0.724,0.942
"1382",0.154,0.657,0.881
"1383",0.191,0.71,0.926
"1384",0.164,0.663,0.898
"1385",0.048,0.465,0.808
"1386",0.209,0.737,0.93
"1387",0.235,0.736,0.927
"1388",0.182,0.691,0.921
"1389",0.106,0.51,0.869
"1390",0.167,0.611,0.899
"1391",0.342,0.811,0.949
"1392",0.09,0.439,0.838
"1393",0.248,0.772,0.946
"1394",0.258,0.756,0.945
"1395",0.217,0.693,0.939
"1396",0.162,0.638,0.889
"1397",0.154,0.595,0.868
"1398",0.132,0.587,0.902
"1399",0.174,0.764,0.942
"1400",0.29,0.766,0.93
"1401",0.284,0.824,0.97
"1402",0.232,0.775,0.945
"1403",0.27,0.798,0.927
"1404",0.272,0.809,0.945
"1405",0.311,0.773,0.939
"1406",0.056,0.509,0.861
"1407",0.096,0.43,0.794
"1408",0.353,0.834,0.964
"1409",0.177,0.697,0.922
"1410",0.184,0.632,0.919
"1411",0.227,0.773,0.954
"1412",0.175,0.683,0.911
"1413",0.236,0.723,0.936
"1414",0.293,0.779,0.939
"1415",0.127,0.65,0.909
"1416",0.237,0.724,0.933
"1417",0.22,0.763,0.934
"1418",0.22,0.746,0.935
"1419",0.23,0.731,0.949
"1420",0.158,0.598,0.896
"1421",0.25,0.751,0.936
"1422",0.232,0.697,0.924
"1423",0.261,0.767,0.949
"1424",0.214,0.68,0.927
"1425",0.199,0.71,0.921
"1426",0.272,0.788,0.946
"1427",0.165,0.634,0.91
"1428",0.176,0.68,0.918
"1429",0.319,0.79,0.94
"1430",0.201,0.698,0.922
"1431",0.2,0.758,0.949
"1432",0.178,0.621,0.907
"1433",0.345,0.865,0.962
"1434",0.304,0.786,0.946
"1435",0.38,0.855,0.956
"1436",0.194,0.72,0.937
"1437",0.105,0.496,0.866
"1438",0.301,0.769,0.928
"1439",0.161,0.683,0.925
"1440",0.175,0.668,0.913
"1441",0.149,0.662,0.922
"1442",0.177,0.601,0.915
"1443",0.356,0.892,0.98
"1444",0.228,0.765,0.94
"1445",0.329,0.848,0.964
"1446",0.151,0.615,0.897
"1447",0.193,0.683,0.924
"1448",0.126,0.561,0.888
"1449",0.292,0.801,0.944
"1450",0.295,0.769,0.944
"1451",0.135,0.612,0.91
"1452",0.169,0.617,0.895
"1453",0.208,0.677,0.921
"1454",0.226,0.703,0.918
"1455",0.234,0.693,0.902
"1456",0.157,0.55,0.881
"1457",0.244,0.767,0.93
"1458",0.218,0.754,0.91
"1459",0.191,0.687,0.91
"1460",0.249,0.781,0.948
"1461",0.251,0.78,0.931
"1462",0.321,0.792,0.958
"1463",0.326,0.834,0.955
"1464",0.17,0.615,0.913
"1465",0.179,0.668,0.896
"1466",0.192,0.647,0.924
"1467",0.28,0.803,0.961
"1468",0.316,0.802,0.943
"1469",0.153,0.579,0.871
"1470",0.348,0.825,0.96
"1471",0.351,0.857,0.953
"1472",0.177,0.73,0.948
"1473",0.213,0.717,0.945
"1474",0.119,0.537,0.858
"1475",0.29,0.806,0.954
"1476",0.193,0.694,0.904
"1477",0.121,0.561,0.875
"1478",0.34,0.746,0.944
"1479",0.196,0.716,0.931
"1480",0.221,0.71,0.934
"1481",0.18,0.673,0.913
"1482",0.177,0.676,0.94
"1483",0.204,0.701,0.918
"1484",0.399,0.855,0.956
"1485",0.241,0.753,0.948
"1486",0.348,0.832,0.955
"1487",0.138,0.469,0.81
"1488",0.296,0.815,0.948
"1489",0.141,0.641,0.908
"1490",0.371,0.845,0.974
"1491",0.341,0.84,0.972
"1492",0.273,0.771,0.941
"1493",0.161,0.688,0.901
"1494",0.206,0.715,0.921
"1495",0.267,0.768,0.945
"1496",0.286,0.786,0.939
"1497",0.244,0.716,0.922
"1498",0.423,0.866,0.967
"1499",0.164,0.65,0.92
"1500",0.397,0.86,0.97
"1501",0.236,0.706,0.926
"1502",0.162,0.713,0.913
"1503",0.254,0.807,0.947
"1504",0.215,0.707,0.919
"1505",0.109,0.561,0.867
"1506",0.278,0.811,0.967
"1507",0.161,0.649,0.887
"1508",0.216,0.704,0.916
"1509",0.243,0.79,0.955
"1510",0.098,0.537,0.878
"1511",0.184,0.664,0.929
"1512",0.208,0.741,0.922
"1513",0.389,0.861,0.972
"1514",0.234,0.796,0.943
"1515",0.275,0.806,0.957
"1516",0.19,0.652,0.897
"1517",0.233,0.737,0.926
"1518",0.467,0.871,0.968
"1519",0.2,0.722,0.929
"1520",0.312,0.787,0.951
"1521",0.267,0.792,0.943
"1522",0.175,0.708,0.904
"1523",0.268,0.789,0.955
"1524",0.335,0.815,0.956
"1525",0.217,0.694,0.921
"1526",0.202,0.733,0.939
"1527",0.165,0.697,0.912
"1528",0.332,0.854,0.97
"1529",0.22,0.696,0.923
"1530",0.288,0.776,0.969
"1531",0.22,0.732,0.921
"1532",0.176,0.661,0.905
"1533",0.364,0.82,0.951
"1534",0.16,0.647,0.902
"1535",0.225,0.72,0.923
"1536",0.269,0.799,0.933
"1537",0.216,0.716,0.909
"1538",0.183,0.655,0.917
"1539",0.226,0.729,0.905
"1540",0.202,0.717,0.902
"1541",0.252,0.789,0.938
"1542",0.228,0.7,0.919
"1543",0.164,0.667,0.916
"1544",0.203,0.749,0.916
"1545",0.177,0.648,0.912
"1546",0.154,0.616,0.909
"1547",0.237,0.76,0.926
"1548",0.181,0.662,0.899
"1549",0.19,0.751,0.95
"1550",0.229,0.765,0.95
"1551",0.173,0.69,0.901
"1552",0.161,0.587,0.883
"1553",0.246,0.732,0.93
"1554",0.178,0.697,0.951
"1555",0.241,0.744,0.907
"1556",0.331,0.829,0.948
"1557",0.438,0.901,0.972
"1558",0.239,0.76,0.945
"1559",0.193,0.689,0.941
"1560",0.341,0.831,0.954
"1561",0.148,0.67,0.929
"1562",0.148,0.61,0.887
"1563",0.199,0.721,0.925
"1564",0.276,0.809,0.948
"1565",0.28,0.798,0.952
"1566",0.228,0.758,0.952
"1567",0.195,0.688,0.918
"1568",0.232,0.724,0.927
"1569",0.242,0.745,0.951
"1570",0.105,0.463,0.841
"1571",0.191,0.751,0.94
"1572",0.151,0.631,0.914
"1573",0.471,0.876,0.971
"1574",0.145,0.595,0.904
"1575",0.254,0.764,0.92
"1576",0.225,0.743,0.921
"1577",0.2,0.702,0.928
"1578",0.231,0.792,0.953
"1579",0.19,0.696,0.923
"1580",0.212,0.64,0.904
"1581",0.207,0.784,0.953
"1582",0.191,0.685,0.917
"1583",0.214,0.716,0.902
"1584",0.216,0.669,0.935
"1585",0.222,0.708,0.915
"1586",0.313,0.826,0.949
"1587",0.254,0.788,0.963
"1588",0.26,0.783,0.952
"1589",0.32,0.788,0.952
"1590",0.211,0.71,0.911
"1591",0.212,0.719,0.93
"1592",0.185,0.633,0.903
"1593",0.271,0.797,0.946
"1594",0.273,0.787,0.965
"1595",0.167,0.615,0.879
"1596",0.096,0.415,0.816
"1597",0.163,0.558,0.886
"1598",0.201,0.721,0.937
"1599",0.243,0.742,0.918
"1600",0.212,0.727,0.933
"1601",0.358,0.853,0.981
"1602",0.166,0.626,0.897
"1603",0.231,0.721,0.935
"1604",0.258,0.804,0.944
"1605",0.229,0.672,0.915
"1606",0.228,0.724,0.918
"1607",0.335,0.827,0.965
"1608",0.165,0.673,0.902
"1609",0.25,0.76,0.932
"1610",0.297,0.818,0.952
"1611",0.125,0.594,0.894
"1612",0.376,0.85,0.964
"1613",0.196,0.728,0.937
"1614",0.229,0.709,0.941
"1615",0.202,0.687,0.944
"1616",0.203,0.75,0.929
"1617",0.351,0.831,0.936
"1618",0.261,0.798,0.957
"1619",0.306,0.798,0.948
"1620",0.232,0.762,0.922
"1621",0.241,0.828,0.956
"1622",0.273,0.834,0.947
"1623",0.144,0.527,0.874
"1624",0.31,0.817,0.965
"1625",0.36,0.82,0.971
"1626",0.204,0.674,0.901
"1627",0.228,0.705,0.929
"1628",0.173,0.683,0.94
"1629",0.134,0.557,0.863
"1630",0.311,0.803,0.951
"1631",0.227,0.758,0.911
"1632",0.103,0.564,0.88
"1633",0.201,0.679,0.896
"1634",0.177,0.626,0.902
"1635",0.375,0.879,0.965
"1636",0.36,0.868,0.963
"1637",0.292,0.825,0.966
"1638",0.249,0.73,0.918
"1639",0.251,0.796,0.947
"1640",0.284,0.77,0.953
"1641",0.343,0.821,0.952
"1642",0.087,0.471,0.823
"1643",0.104,0.535,0.878
"1644",0.249,0.733,0.94
"1645",0.276,0.788,0.946
"1646",0.278,0.799,0.942
"1647",0.176,0.663,0.916
"1648",0.267,0.836,0.968
"1649",0.137,0.507,0.852
"1650",0.36,0.809,0.957
"1651",0.062,0.578,0.887
"1652",0.236,0.754,0.948
"1653",0.228,0.797,0.951
"1654",0.208,0.745,0.933
"1655",0.198,0.723,0.921
"1656",0.209,0.708,0.922
"1657",0.191,0.713,0.931
"1658",0.247,0.737,0.941
"1659",0.266,0.823,0.952
"1660",0.308,0.825,0.971
"1661",0.278,0.821,0.968
"1662",0.284,0.832,0.947
"1663",0.184,0.608,0.9
"1664",0.149,0.54,0.871
"1665",0.152,0.622,0.864
"1666",0.188,0.705,0.909
"1667",0.162,0.618,0.89
"1668",0.135,0.715,0.947
"1669",0.273,0.74,0.925
"1670",0.078,0.611,0.907
"1671",0.189,0.694,0.929
"1672",0.212,0.753,0.933
"1673",0.303,0.786,0.938
"1674",0.189,0.616,0.889
"1675",0.192,0.681,0.922
"1676",0.173,0.586,0.873
"1677",0.266,0.788,0.926
"1678",0.143,0.632,0.908
"1679",0.206,0.654,0.876
"1680",0.316,0.835,0.961
"1681",0.246,0.773,0.949
"1682",0.214,0.754,0.946
"1683",0.18,0.686,0.924
"1684",0.284,0.826,0.943
"1685",0.131,0.597,0.898
"1686",0.217,0.688,0.9
"1687",0.202,0.76,0.944
"1688",0.119,0.585,0.855
"1689",0.182,0.7,0.935
"1690",0.211,0.728,0.948
"1691",0.189,0.609,0.911
"1692",0.173,0.621,0.897
"1693",0.25,0.811,0.949
"1694",0.284,0.822,0.95
"1695",0.328,0.78,0.944
"1696",0.125,0.602,0.902
"1697",0.236,0.736,0.949
"1698",0.36,0.853,0.95
"1699",0.417,0.833,0.97
"1700",0.242,0.753,0.931
"1701",0.226,0.731,0.913
"1702",0.183,0.71,0.939
"1703",0.287,0.784,0.935
"1704",0.191,0.657,0.93
"1705",0.178,0.633,0.914
"1706",0.258,0.776,0.928
"1707",0.099,0.492,0.855
"1708",0.303,0.795,0.948
"1709",0.266,0.788,0.954
"1710",0.154,0.607,0.889
"1711",0.291,0.818,0.953
"1712",0.229,0.709,0.93
"1713",0.159,0.611,0.884
"1714",0.152,0.618,0.901
"1715",0.204,0.765,0.931
"1716",0.133,0.542,0.858
"1717",0.179,0.669,0.892
"1718",0.369,0.862,0.957
"1719",0.163,0.687,0.91
"1720",0.174,0.619,0.919
"1721",0.213,0.691,0.892
"1722",0.35,0.872,0.955
"1723",0.162,0.65,0.895
"1724",0.253,0.789,0.932
"1725",0.193,0.708,0.923
"1726",0.296,0.773,0.951
"1727",0.185,0.666,0.916
"1728",0.22,0.738,0.927
"1729",0.289,0.818,0.965
"1730",0.179,0.621,0.926
"1731",0.132,0.542,0.86
"1732",0.153,0.593,0.881
"1733",0.087,0.556,0.897
"1734",0.212,0.753,0.927
"1735",0.161,0.652,0.907
"1736",0.17,0.689,0.91
"1737",0.151,0.559,0.877
"1738",0.267,0.777,0.961
"1739",0.192,0.742,0.938
"1740",0.227,0.777,0.953
"1741",0.189,0.691,0.918
"1742",0.217,0.708,0.921
"1743",0.248,0.747,0.939
"1744",0.23,0.722,0.918
"1745",0.209,0.753,0.917
"1746",0.266,0.806,0.939
"1747",0.308,0.796,0.951
"1748",0.224,0.728,0.923
"1749",0.4,0.859,0.948
"1750",0.22,0.723,0.92
"1751",0.201,0.735,0.936
"1752",0.181,0.73,0.943
"1753",0.184,0.676,0.917
"1754",0.324,0.815,0.954
"1755",0.048,0.455,0.836
"1756",0.162,0.593,0.868
"1757",0.226,0.728,0.918
"1758",0.319,0.822,0.958
"1759",0.312,0.806,0.96
"1760",0.237,0.728,0.925
"1761",0.228,0.713,0.913
"1762",0.24,0.736,0.923
"1763",0.165,0.618,0.912
"1764",0.125,0.565,0.876
"1765",0.17,0.686,0.932
"1766",0.212,0.729,0.933
"1767",0.221,0.682,0.921
"1768",0.203,0.737,0.933
"1769",0.165,0.657,0.92
"1770",0.229,0.685,0.923
"1771",0.269,0.776,0.954
"1772",0.24,0.729,0.915
"1773",0.073,0.573,0.865
"1774",0.153,0.64,0.903
"1775",0.381,0.865,0.976
"1776",0.296,0.788,0.955
"1777",0.173,0.666,0.9
"1778",0.166,0.725,0.941
"1779",0.159,0.625,0.917
"1780",0.353,0.853,0.965
"1781",0.113,0.528,0.843
"1782",0.218,0.692,0.927
"1783",0.347,0.814,0.963
"1784",0.148,0.628,0.896
"1785",0.259,0.76,0.934
"1786",0.165,0.626,0.899
"1787",0.211,0.656,0.9
"1788",0.183,0.668,0.901
"1789",0.189,0.673,0.903
"1790",0.217,0.743,0.919
"1791",0.245,0.801,0.955
"1792",0.257,0.772,0.933
"1793",0.171,0.666,0.91
"1794",0.191,0.691,0.94
"1795",0.147,0.552,0.86
"1796",0.177,0.708,0.95
"1797",0.192,0.701,0.925
"1798",0.246,0.757,0.923
"1799",0.294,0.793,0.958
"1800",0.297,0.807,0.956
"1801",0.208,0.78,0.961
"1802",0.175,0.685,0.892
"1803",0.157,0.602,0.899
"1804",0.202,0.72,0.919
"1805",0.245,0.761,0.937
"1806",0.2,0.709,0.924
"1807",0.328,0.863,0.973
"1808",0.17,0.642,0.898
"1809",0.215,0.769,0.943
"1810",0.15,0.647,0.892
"1811",0.379,0.858,0.966
"1812",0.157,0.561,0.894
"1813",0.218,0.769,0.936
"1814",0.225,0.692,0.897
"1815",0.187,0.746,0.933
"1816",0.181,0.645,0.892
"1817",0.103,0.535,0.861
"1818",0.214,0.644,0.911
"1819",0.219,0.76,0.924
"1820",0.152,0.693,0.901
"1821",0.4,0.845,0.952
"1822",0.323,0.853,0.973
"1823",0.218,0.75,0.925
"1824",0.239,0.778,0.921
"1825",0.165,0.675,0.919
"1826",0.205,0.692,0.903
"1827",0.17,0.647,0.888
"1828",0.26,0.706,0.953
"1829",0.242,0.787,0.93
"1830",0.233,0.772,0.947
"1831",0.098,0.379,0.777
"1832",0.29,0.799,0.958
"1833",0.355,0.813,0.965
"1834",0.316,0.823,0.959
"1835",0.256,0.79,0.95
"1836",0.161,0.676,0.929
"1837",0.16,0.561,0.857
"1838",0.196,0.628,0.885
"1839",0.153,0.702,0.897
"1840",0.161,0.633,0.92
"1841",0.322,0.787,0.956
"1842",0.148,0.581,0.856
"1843",0.182,0.723,0.924
"1844",0.168,0.637,0.905
"1845",0.26,0.801,0.95
"1846",0.259,0.772,0.933
"1847",0.14,0.656,0.919
"1848",0.249,0.818,0.961
"1849",0.171,0.708,0.935
"1850",0.36,0.817,0.957
"1851",0.264,0.717,0.941
"1852",0.229,0.766,0.931
"1853",0.177,0.68,0.906
"1854",0.363,0.813,0.954
"1855",0.272,0.755,0.939
"1856",0.282,0.816,0.953
"1857",0.268,0.791,0.956
"1858",0.255,0.777,0.942
"1859",0.214,0.693,0.918
"1860",0.174,0.627,0.931
"1861",0.242,0.754,0.945
"1862",0.322,0.832,0.954
"1863",0.314,0.824,0.968
"1864",0.164,0.593,0.899
"1865",0.136,0.528,0.849
"1866",0.175,0.675,0.879
"1867",0.209,0.739,0.929
"1868",0.199,0.708,0.926
"1869",0.182,0.647,0.916
"1870",0.372,0.844,0.967
"1871",0.196,0.7,0.92
"1872",0.218,0.714,0.916
"1873",0.317,0.839,0.963
"1874",0.231,0.747,0.916
"1875",0.229,0.77,0.943
"1876",0.136,0.508,0.851
"1877",0.174,0.603,0.892
"1878",0.381,0.862,0.964
"1879",0.212,0.708,0.921
"1880",0.227,0.756,0.923
"1881",0.315,0.805,0.937
"1882",0.173,0.624,0.872
"1883",0.204,0.715,0.923
"1884",0.245,0.759,0.933
"1885",0.395,0.854,0.974
"1886",0.236,0.771,0.915
"1887",0.239,0.735,0.942
"1888",0.208,0.709,0.931
"1889",0.312,0.738,0.92
"1890",0.121,0.502,0.869
"1891",0.178,0.704,0.913
"1892",0.407,0.883,0.958
"1893",0.263,0.783,0.943
"1894",0.217,0.705,0.924
"1895",0.338,0.846,0.971
"1896",0.311,0.81,0.948
"1897",0.327,0.793,0.944
"1898",0.045,0.718,0.932
"1899",0.159,0.637,0.91
"1900",0.2,0.712,0.945
"1901",0.267,0.739,0.965
"1902",0.237,0.751,0.923
"1903",0.082,0.479,0.832
"1904",0.305,0.824,0.96
"1905",0.272,0.795,0.951
"1906",0.21,0.672,0.938
"1907",0.186,0.682,0.914
"1908",0.304,0.816,0.965
"1909",0.221,0.692,0.922
"1910",0.208,0.729,0.92
"1911",0.086,0.58,0.888
"1912",0.214,0.774,0.958
"1913",0.15,0.639,0.885
"1914",0.145,0.552,0.899
"1915",0.185,0.744,0.925
"1916",0.244,0.728,0.941
"1917",0.214,0.726,0.918
"1918",0.45,0.839,0.962
"1919",0.15,0.527,0.9
"1920",0.189,0.672,0.925
"1921",0.056,0.438,0.807
"1922",0.213,0.773,0.957
"1923",0.261,0.698,0.927
"1924",0.203,0.75,0.951
"1925",0.215,0.687,0.903
"1926",0.173,0.708,0.906
"1927",0.174,0.668,0.906
"1928",0.238,0.788,0.937
"1929",0.265,0.799,0.954
"1930",0.205,0.658,0.915
"1931",0.156,0.605,0.91
"1932",0.342,0.826,0.971
"1933",0.183,0.657,0.919
"1934",0.08,0.43,0.816
"1935",0.237,0.806,0.942
"1936",0.305,0.785,0.945
"1937",0.292,0.785,0.943
"1938",0.125,0.527,0.877
"1939",0.189,0.74,0.94
"1940",0.222,0.71,0.934
"1941",0.143,0.606,0.875
"1942",0.215,0.764,0.938
"1943",0.248,0.723,0.912
"1944",0.215,0.737,0.935
"1945",0.34,0.839,0.973
"1946",0.228,0.761,0.931
"1947",0.2,0.697,0.926
"1948",0.245,0.808,0.952
"1949",0.23,0.77,0.941
"1950",0.126,0.62,0.898
"1951",0.191,0.684,0.902
"1952",0.23,0.728,0.938
"1953",0.232,0.772,0.942
"1954",0.238,0.779,0.931
"1955",0.229,0.695,0.911
"1956",0.253,0.774,0.947
"1957",0.169,0.779,0.951
"1958",0.126,0.539,0.889
"1959",0.214,0.714,0.925
"1960",0.26,0.767,0.927
"1961",0.279,0.771,0.941
"1962",0.35,0.829,0.948
"1963",0.166,0.638,0.897
"1964",0.27,0.788,0.957
"1965",0.128,0.488,0.86
"1966",0.252,0.82,0.945
"1967",0.221,0.703,0.954
"1968",0.475,0.857,0.97
"1969",0.242,0.753,0.942
"1970",0.242,0.673,0.924
"1971",0.263,0.757,0.949
"1972",0.249,0.799,0.943
"1973",0.141,0.654,0.912
"1974",0.147,0.652,0.903
"1975",0.255,0.783,0.937
"1976",0.244,0.778,0.935
"1977",0.073,0.483,0.847
"1978",0.178,0.765,0.934
"1979",0.366,0.851,0.98
"1980",0.347,0.857,0.959
"1981",0.257,0.764,0.932
"1982",0.147,0.626,0.878
"1983",0.193,0.683,0.905
"1984",0.229,0.719,0.912
"1985",0.379,0.901,0.981
"1986",0.133,0.579,0.876
"1987",0.218,0.722,0.928
"1988",0.172,0.647,0.895
"1989",0.313,0.777,0.935
"1990",0.295,0.803,0.946
"1991",0.219,0.735,0.933
"1992",0.294,0.785,0.932
"1993",0.265,0.733,0.927
"1994",0.222,0.765,0.948
"1995",0.29,0.814,0.966
"1996",0.202,0.634,0.893
"1997",0.242,0.721,0.949
"1998",0.207,0.686,0.931
"1999",0.387,0.847,0.963
"2000",0.17,0.621,0.896
