# source, target, length
22,582,25.3548
83,732,11.9163
85,736,31.0503
87,749,78.7807
114,805,14.7362
122,1400,86.1222
156,1377,81.1368
178,1224,33.5392
201,547,111.3125
202,1348,57.4169
237,1621,77.6335
252,1335,90.4193
260,1176,46.1405
323,1346,36.2829
370,1515,26.4389
390,1575,18.418
397,1586,18.6585
402,670,51.2127
414,1736,54.6166
415,1825,16.0536
418,1687,29.9878
430,1704,31.037
467,1806,42.013
472,1802,24.8623
476,760,30.6959
476,1419,51.6145
477,493,56.2745
477,1806,29.0833
477,1833,20.4057
479,544,61.1972
479,1830,46.8677
479,511,54.1284
480,510,45.4262
480,1839,14.2346
481,486,24.7994
481,1808,33.9489
482,501,19.5997
482,471,52.5726
482,1,39.5292
483,1828,19.2116
483,478,27.7266
484,136,57.5884
484,1569,25.7744
484,1680,38.5447
485,1838,38.793
486,10,22.1245
487,491,20.6144
488,494,25.8619
488,538,48.8123
489,503,13.0327
489,1788,61.7366
490,485,13.7561
491,478,19.8537
491,512,61.1627
492,490,14.7436
493,481,15.3533
494,500,13.0253
494,540,44.0355
495,496,31.4378
495,483,16.604
496,552,44.4259
497,477,25.2637
497,496,12.7723
498,489,29.6747
499,492,13.3347
500,485,14.9497
500,517,13.652
501,513,9.6235
501,3,38.6858
502,1832,38.3423
502,11,9.8982
503,504,10.5587
503,530,23.3731
504,509,20.8522
504,509,45.9011
505,12,33.9325
505,1831,46.3101
506,711,19.9966
506,761,33.3634
507,629,16.0745
507,1581,43.5037
508,493,23.997
508,611,91.9771
509,519,19.2564
510,518,11.1007
511,564,43.4286
511,1813,57.7777
512,487,28.3119
513,8,47.1932
513,522,18.2693
514,554,62.5328
514,505,7.4253
515,27,72.6493
515,497,12.836
516,524,8.2781
516,510,10.5381
517,520,11.5128
517,540,18.0289
518,529,11.5951
518,1831,76.2797
519,521,26.0707
519,557,32.1448
520,527,12.3338
520,490,27.8805
520,561,31.4482
521,9,24.6631
522,539,16.3768
522,6,46.0842
523,1824,59.4719
523,508,35.9559
524,535,13.5331
524,21,34.9771
525,13,19.0252
525,14,12.3152
526,551,28.2761
526,514,11.4516
527,543,17.0045
527,492,28.8581
527,563,30.0217
528,542,12.123
528,505,27.8765
529,528,19.7779
529,535,10.4594
530,559,21.2856
530,15,8.5419
531,5,36.5583
531,573,33.8683
531,533,10.3648
532,885,54.753
532,43,29.4282
533,521,32.0759
534,498,27.0821
534,16,8.2889
535,585,79.0501
536,502,36.265
536,531,23.2561
537,516,56.4202
537,525,10.087
538,523,24.1537
539,558,22.9111
539,555,19.4099
541,495,34.9159
541,24,19.1371
542,526,16.5246
542,553,12.1589
543,20,15.5513
543,499,33.7259
544,566,21.731
544,556,33.1147
545,574,32.9903
545,512,63.6201
545,513,25.0431
546,621,16.4172
546,1582,41.0133
547,787,51.2905
547,827,37.3128
547,457,21.2546
548,537,13.4492
548,576,44.2227
549,535,10.3002
549,23,13.5652
550,557,19.918
550,18,11.0103
551,605,78.4976
551,577,32.0447
552,25,16.7629
552,541,16.604
553,569,19.7601
553,562,12.3152
554,534,18.0826
555,603,46.0198
555,17,35.1645
556,591,30.959
557,565,7.4602
558,567,7.6988
558,545,24.5352
559,550,33.1122
559,571,13.2472
560,540,16.9685
560,538,49.7054
561,560,10.8566
562,549,17.114
563,581,22.0731
563,561,12.5468
564,604,36.6767
564,556,31.9038
565,29,29.4688
565,578,13.2539
566,576,14.204
566,548,40.3227
567,580,17.7026
567,33,23.3038
568,586,14.536
568,580,11.595
569,577,9.4367
570,533,30.96
570,50,56.4971
571,589,38.1157
571,554,32.4719
572,588,16.195
572,562,13.2997
573,579,26.9366
573,570,8.1202
573,612,39.2534
574,575,19.5003
574,586,14.8741
575,19,37.1654
576,597,18.0923
577,599,30.72
578,37,30.9625
578,589,9.8867
579,582,11.4277
579,536,36.9148
580,606,32.9966
581,590,20.6343
581,543,34.7562
582,34,29.3288
583,771,23.5257
583,821,36.1013
584,861,82.2869
584,1676,35.358
585,26,10.2239
586,638,74.1301
586,606,34.003
587,28,15.9653
587,598,19.7146
588,577,39.6782
588,569,29.1026
588,596,41.2382
589,42,35.054
589,601,13.475
590,686,129.5145
590,30,9.9195
591,576,44.8261
592,1009,20.4909
592,195,18.5121
593,1677,32.4278
593,717,43.3417
594,67,26.1276
594,745,19.8899
594,388,85.9429
595,838,38.9177
595,1609,41.811
596,572,29.1932
597,616,28.9013
597,585,33.7626
598,575,18.9226
598,40,9.1875
600,48,31.3467
600,596,23.2286
601,47,36.4359
601,614,16.6818
602,1827,13.0154
602,705,33.0425
603,46,43.6357
603,610,16.3908
604,591,34.7987
604,641,88.8809
605,613,9.455
605,38,27.1396
606,662,66.7171
607,579,27.1715
608,39,9.6049
609,657,53.2737
609,600,25.6015
609,36,17.0173
610,633,29.3791
610,41,20.532
611,626,33.0998
612,52,19.3429
613,45,22.803
614,653,65.533
614,624,16.5246
615,31,40.0725
615,587,38.7317
616,609,25.3266
617,607,13.6097
617,663,50.7564
617,612,27.1715
618,619,17.2426
618,515,98.3549
619,625,14.5907
619,35,31.1194
620,604,89.7771
621,705,9.5565
622,611,14.351
622,634,16.4188
622,608,42.9591
623,618,54.6186
623,32,44.9487
624,57,26.5668
624,613,18.0103
624,636,21.4362
625,608,19.4384
625,637,14.1724
626,635,42.7491
626,645,17.6632
626,622,24.4766
627,607,39.3654
627,617,28.1427
628,646,24.5631
628,44,21.9391
629,781,18.9755
629,1650,80.2844
630,623,9.9755
630,615,25.3039
631,599,42.6666
632,671,38.1312
632,627,51.9903
633,55,15.8364
633,632,9.1498
634,649,15.3268
635,51,10.7051
635,655,19.8383
636,678,53.8052
636,640,6.5941
637,618,36.1636
638,648,19.1585
639,419,28.3532
639,484,47.6531
640,650,18.5197
640,599,71.9518
641,750,125.2867
641,620,49.6578
642,651,14.4784
642,630,14.8949
643,702,85.152
643,628,61.1838
644,634,36.1895
644,637,15.3533
645,655,45.8783
645,634,24.8404
646,631,24.8307
646,58,17.3563
647,638,16.7142
647,53,33.0418
648,656,18.3873
649,652,21.9465
649,660,10.8752
650,668,18.293
650,631,21.6562
651,666,20.7918
652,60,17.7898
652,645,11.0242
653,663,58.696
654,644,12.7723
654,667,11.0242
655,661,5.7829
656,642,18.2648
657,65,17.3011
657,643,47.2136
657,664,18.3547
658,672,13.1654
658,654,16.4188
659,651,29.708
660,676,16.0163
660,658,12.9152
661,669,21.2286
661,679,17.3488
662,701,41.6317
662,59,9.5613
663,680,15.6481
664,673,11.6176
664,616,55.1819
665,648,18.5638
665,647,20.7918
666,677,23.7664
666,656,10.9872
667,672,15.7726
668,64,17.9378
669,686,37.9855
669,56,35.9954
670,779,16.5456
670,879,56.9125
671,685,36.1924
672,676,15.5514
673,710,46.7215
673,700,47.5203
674,656,24.4516
674,665,17.2544
675,692,22.9681
675,653,30.2718
676,697,58.114
677,693,20.0428
678,687,11.595
678,63,11.8105
679,698,48.5516
680,72,28.2411
680,703,49.5408
681,832,23.5605
681,1803,22.8395
681,66,8.4582
682,671,9.6235
682,709,32.3497
682,68,13.514
683,695,47.3437
683,668,17.9279
683,69,33.7044
684,667,19.1372
684,689,25.1
684,659,50.4082
685,694,13.4728
687,675,19.7423
688,963,31.3788
688,113,66.4733
689,699,11.5747
689,659,41.7857
690,706,46.5665
690,679,13.8153
691,62,22.9112
691,77,24.8352
691,685,21.3718
692,707,34.3549
693,82,64.7274
693,674,40.9612
694,75,14.1567
694,682,40.4236
695,707,18.5994
695,687,13.578
696,819,17.1797
696,716,24.6564
697,690,11.1712
698,686,18.5638
699,738,98.0222
699,677,46.8938
700,720,32.554
700,74,20.367
701,708,35.8427
701,729,44.9159
701,691,26.787
702,70,23.433
703,692,20.9341
703,719,35.4582
704,870,33.2691
704,593,53.3606
705,820,16.0363
705,718,23.4466
706,698,13.1032
706,725,40.2531
707,728,29.9115
708,662,72.7455
709,715,29.9411
710,754,58.1039
710,720,39.2907
711,681,24.6445
712,71,30.3593
712,708,22.4244
713,726,26.1206
713,702,21.6427
714,697,27.8219
714,684,86.258
715,729,45.097
715,731,20.4144
716,771,9.2062
717,602,14.4026
719,736,22.8139
720,727,9.5575
721,734,18.6919
721,78,29.0914
722,712,34.885
723,742,37.7162
723,714,15.571
724,713,28.6378
724,76,31.417
725,714,39.429
726,721,10.1114
726,86,8.8389
727,739,13.6857
727,84,23.1605
728,719,19.5998
728,740,20.3417
729,812,262.8585
729,737,45.311
730,747,16.604
730,722,21.1515
731,757,30.2182
731,80,53.702
732,739,21.0566
732,89,9.4357
733,722,16.2816
733,90,15.7079
734,744,10.1114
735,81,27.6308
735,94,17.1952
735,730,16.2816
736,749,12.9112
736,728,22.3875
737,731,20.9795
737,757,36.612
738,723,21.3436
738,91,13.667
739,751,13.2538
740,773,92.0347
741,79,35.7959
741,95,22.2835
742,725,17.978
742,793,82.3641
743,763,26.845
743,741,11.5269
744,772,53.963
744,726,20.8766
744,753,19.3688
745,103,14.1219
745,806,12.0599
745,54,36.9381
746,88,12.931
746,735,15.446
746,99,29.5838
747,96,15.7079
747,733,22.0206
748,740,12.3488
748,73,85.5789
749,759,16.6238
750,769,27.9351
750,741,51.8704
751,752,10.8515
751,767,22.8952
751,743,78.5747
752,754,31.9797
752,98,11.6874
753,92,7.7984
754,756,19.1576
755,764,10.5068
755,759,87.4345
756,758,19.2108
756,766,10.8516
757,93,20.0205
758,774,25.4209
758,724,38.4397
759,773,16.3315
760,61,13.4982
760,933,81.5821
760,138,63.5209
761,778,15.3701
762,100,11.8288
762,748,35.2709
763,769,56.1978
764,775,14.2088
765,101,17.4422
765,763,18.4532
766,774,38.8498
766,784,22.3631
767,792,32.6841
767,765,47.3766
768,757,13.1106
768,755,49.3262
769,801,53.2474
770,753,23.4754
771,821,22.7858
772,762,15.183
773,790,23.1364
775,790,71.7731
776,768,12.5474
776,764,48.695
777,97,25.5206
777,785,7.2814
778,826,9.3577
778,711,7.5068
779,844,42.307
779,595,29.0266
780,717,7.7623
780,820,41.8236
781,882,28.3982
781,49,40.2967
782,144,51.6448
782,1680,66.0916
783,772,16.0047
784,797,64.0908
784,105,25.7278
784,102,30.1691
785,106,25.191
785,746,94.8533
786,109,45.2772
786,783,9.4894
786,770,25.3207
787,890,76.9007
787,827,68.0387
788,770,29.0699
788,774,25.2138
789,776,14.4672
789,775,45.6156
790,800,23.8071
791,110,43.4219
791,786,16.7946
792,798,65.37
793,777,36.3618
793,812,53.659
794,791,13.4199
794,788,15.6502
795,794,13.8167
795,104,16.8522
796,818,70.1949
796,792,17.3783
796,803,10.3416
797,811,22.6677
797,795,12.0463
797,804,17.5212
798,803,52.7063
798,801,52.9115
799,789,25.894
799,107,35.3326
800,816,50.0384
800,807,39.2396
801,810,15.4094
802,799,8.1203
803,810,117.4548
804,108,17.796
805,476,100.5919
806,864,40.2201
806,894,37.2287
806,639,101.0374
807,815,47.4956
808,817,41.2693
808,809,9.1928
809,783,64.0317
809,829,81.5535
810,128,199.4928
811,829,36.8498
811,111,17.0563
812,834,58.588
813,887,23.6302
814,804,40.3816
815,802,22.0626
815,822,12.4139
816,824,16.1147
817,816,32.7817
817,823,13.1593
818,839,54.6503
818,814,9.2077
819,831,23.5531
819,948,89.4647
820,828,22.7816
821,838,7.5661
822,835,31.2547
822,112,24.2542
823,840,54.2574
824,825,29.3916
824,823,29.7998
825,830,34.2789
825,841,59.6126
826,913,53.4051
826,832,29.2364
827,941,83.8705
828,888,22.0361
829,836,43.593
830,807,49.7775
830,116,8.5762
831,828,31.7199
831,950,99.0965
833,837,12.8392
833,802,200.5483
834,833,143.45
835,842,36.2384
835,115,25.6858
836,850,53.9475
836,839,35.5137
837,843,77.3045
838,844,5.1916
839,847,48.3034
842,853,24.535
842,118,33.2141
843,834,60.4732
843,845,15.9761
844,881,11.0079
845,837,83.3222
845,874,97.7511
846,840,40.8102
846,808,112.8785
847,867,60.0658
848,853,34.8937
848,120,20.2054
848,841,78.0206
849,857,23.3096
849,846,11.2526
850,847,31.6219
851,849,57.3772
851,119,20.0091
852,851,20.0091
852,117,36.8541
854,852,11.6874
854,850,13.3267
855,854,13.1699
855,869,60.2083
856,853,21.577
856,127,73.9435
857,862,27.6934
857,862,103.1103
858,192,13.8795
858,333,21.6852
859,877,51.1932
859,123,41.6422
859,856,25.0548
860,877,44.3435
860,859,20.1066
861,900,77.5881
861,896,18.6707
861,584,67.1373
862,873,55.3953
863,121,58.5799
863,866,13.1593
864,902,49.3964
865,125,23.2142
865,863,10.3416
866,124,15.7999
866,129,76.8534
867,133,29.0699
867,869,21.8937
867,868,10.125
868,126,27.4775
868,865,28.65
869,876,24.393
870,916,39.5829
870,886,55.7234
871,872,25.8407
871,855,50.018
873,880,18.4906
873,872,26.5075
874,132,21.303
874,860,157.6503
875,780,25.8471
876,871,19.5646
876,130,12.118
877,131,41.6059
878,813,52.532
879,878,7.0083
880,872,40.5405
881,141,48.1178
881,899,17.3088
882,898,26.3871
882,864,72.6991
883,1153,126.9824
883,903,25.535
884,878,12.3727
885,149,46.8999
885,134,14.1636
885,139,14.6247
886,875,22.7109
887,884,24.4855
887,889,21.4236
888,891,30.8918
889,906,25.1383
889,883,43.8189
890,896,20.3749
890,952,68.6318
891,893,39.1487
891,915,29.7092
892,864,16.4342
892,929,55.1359
893,875,13.6869
894,924,56.1755
894,140,58.2357
895,198,17.8254
895,592,25.2665
896,897,10.3245
897,908,63.3383
897,961,68.7077
898,909,29.556
899,901,7.4624
899,142,42.7379
900,913,31.5038
900,761,49.4054
901,150,25.4963
901,910,34.0411
902,882,28.9733
902,912,12.7735
903,154,28.9754
904,879,41.8965
904,884,25.7057
904,919,21.6537
905,931,23.697
905,903,29.0822
906,923,15.2824
906,905,17.469
907,930,22.669
907,892,37.3208
908,900,13.8153
908,965,69.1087
909,925,15.3623
909,926,13.1126
910,953,43.5805
910,146,14.1155
911,893,23.7791
912,920,7.04
912,907,10.8961
913,147,17.1842
914,911,28.3688
914,155,32.8429
915,914,12.0188
915,937,63.455
916,918,55.3998
917,921,5.7766
917,135,71.8218
918,934,17.1942
918,886,33.9435
918,911,21.4236
919,938,22.2424
919,887,35.1992
919,923,18.0491
921,927,93.9735
921,927,100.0546
922,926,14.3774
922,898,36.2794
923,946,25.871
924,929,13.8132
924,151,50.705
925,944,48.5248
926,945,28.0906
927,967,52.6795
928,942,10.765
930,936,10.2251
930,954,32.1423
931,964,33.6837
931,923,26.5405
931,942,24.2338
932,939,13.1346
932,920,19.1159
933,917,39.9598
934,935,19.3591
934,960,30.3628
936,920,20.1705
936,956,30.4596
937,888,52.6856
938,152,12.8907
938,946,16.5893
939,945,11.4833
939,922,24.3346
940,929,14.7521
940,160,31.3793
941,955,17.4215
942,163,22.4807
943,1334,40.4454
943,988,29.1067
944,928,41.9497
944,977,55.7649
945,925,51.1507
945,157,10.8654
946,957,17.6355
947,969,23.9634
947,143,47.8174
948,986,44.6197
948,947,26.4173
949,940,19.2581
949,175,60.7545
950,937,21.3255
950,958,11.8766
951,994,52.1446
951,148,43.9772
952,959,16.9599
952,951,10.7817
953,981,36.468
953,989,48.5842
954,167,13.3365
954,949,14.4893
955,984,35.0926
956,966,19.9569
956,973,15.2172
956,954,14.2568
957,162,6.5159
958,161,27.3695
958,970,11.4055
959,961,16.5393
959,1005,55.003
960,935,53.2785
960,976,20.4557
960,153,48.6002
962,858,25.9099
962,200,27.9402
963,1297,39.4757
963,235,27.259
964,1011,59.6073
964,176,34.766
965,982,31.8562
965,987,31.777
966,1015,76.9031
966,932,40.7366
967,978,94.0619
968,999,38.4843
968,941,48.5426
968,955,43.0249
969,986,36.283
969,972,12.843
970,974,35.4868
970,980,14.1431
971,968,17.3302
971,1010,46.4744
972,981,16.5456
972,165,9.3341
973,979,15.7787
973,1003,36.194
974,995,66.7864
974,159,20.0514
975,967,14.264
975,172,29.7598
976,173,37.4647
976,983,8.256
977,996,21.5886
977,158,59.0673
978,992,15.4563
978,933,49.6919
979,177,10.1816
979,1021,45.4949
980,985,15.3114
980,993,18.5286
981,989,11.799
982,169,19.2032
982,181,17.4132
983,990,26.2016
983,1013,45.3914
984,185,14.1477
985,995,52.4474
985,1004,19.8505
986,993,20.1485
986,206,44.6371
987,961,65.6784
988,1514,47.9063
988,332,21.4221
988,1129,140.3633
989,997,11.3271
990,179,11.0331
990,1001,11.4688
991,1022,29.769
991,975,51.4295
992,991,50.3096
992,186,7.8932
993,210,49.6794
994,1005,19.4549
994,971,64.8496
996,1016,22.8557
996,171,49.5119
996,1014,27.819
997,205,35.1078
997,1006,12.2801
997,170,28.1665
998,166,39.2425
998,995,9.8583
999,1032,32.7953
999,984,42.7871
1000,1002,19.8102
1000,168,37.2635
1001,189,37.3372
1002,164,45.9256
1003,187,53.8834
1004,1023,25.1804
1004,993,18.8799
1005,1034,49.1505
1005,1075,57.0399
1006,1035,30.8798
1007,1038,32.8049
1008,1431,50.9914
1009,1253,28.4374
1010,1024,25.352
1010,999,10.1564
1011,1043,32.0079
1011,957,65.5468
1012,1062,41.5436
1012,1000,20.6671
1013,1020,32.4833
1014,1036,18.9474
1014,188,13.995
1015,1007,11.382
1015,1033,21.5774
1016,1029,10.8432
1016,184,43.225
1017,180,30.2469
1017,190,9.956
1018,1012,97.8094
1019,137,27.3755
1019,1008,46.3736
1020,998,19.1525
1020,1041,17.117
1021,1028,15.6131
1022,1027,15.1573
1023,1041,39.3087
1023,1056,32.8701
1024,1054,32.5578
1024,1048,18.9487
1025,1014,12.2983
1025,1007,57.7409
1026,1030,19.0254
1026,1013,22.8109
1027,208,50.0385
1027,1059,23.6208
1028,1003,48.1049
1028,221,50.9116
1029,191,40.0755
1029,1115,88.9179
1030,238,91.1265
1030,1001,27.2782
1031,1018,26.8818
1031,174,48.538
1032,1048,37.1253
1033,1046,8.6612
1033,1021,14.5689
1034,1044,12.4071
1034,1077,36.9539
1035,1047,6.0071
1035,1073,35.1078
1036,212,15.6977
1036,1045,11.1381
1037,1085,73.6022
1037,987,49.8172
1037,1063,23.6728
1038,1057,15.1628
1038,1025,18.1222
1038,1050,10.6971
1039,1053,7.9044
1039,1031,9.1556
1040,1049,8.0023
1040,1002,62.6288
1041,1061,47.7232
1041,1074,28.7247
1042,1006,44.6952
1043,1055,10.1237
1043,222,33.9953
1045,1025,16.6563
1046,226,35.1177
1046,232,52.5462
1047,1095,79.5773
1049,183,63.1246
1049,1078,36.0164
1050,1072,17.4
1050,1015,32.6339
1051,1022,24.6041
1051,1071,14.9216
1051,1099,131.9025
1052,1053,26.8964
1052,1039,23.0286
1052,182,55.8245
1053,1065,12.4579
1054,1088,32.2853
1054,1048,10.7725
1055,1070,17.9223
1055,1017,31.7268
1056,216,14.1629
1056,1095,49.3476
1057,1045,14.4225
1057,1064,8.6999
1058,207,19.6977
1059,1068,34.6767
1059,1051,20.7141
1060,1032,19.7247
1060,209,23.1602
1061,218,16.8657
1061,1026,27.3453
1062,1078,19.1946
1062,1040,31.8455
1063,1044,31.1422
1063,220,9.8761
1064,225,11.7493
1064,1072,7.7154
1065,1076,12.449
1065,219,15.0966
1066,1081,16.8721
1066,1068,17.9655
1066,217,5.5016
1067,1084,22.6652
1067,1042,25.0914
1068,1080,15.3027
1069,1018,43.1314
1069,213,36.6866
1070,1084,24.7396
1070,1042,27.5314
1070,229,26.9588
1071,1099,30.3145
1072,1134,79.2815
1073,230,25.2915
1073,1067,12.5958
1074,1091,45.3722
1074,1108,37.8585
1075,1087,37.0531
1075,1054,59.7635
1076,1093,23.6757
1076,234,25.3756
1077,1044,48.3079
1078,1100,24.898
1079,1078,16.9062
1079,1069,18.0051
1080,1103,29.6841
1080,1071,56.0164
1081,1103,17.5246
1081,1080,15.2156
1082,1202,14.4481
1082,1477,58.1759
1082,688,31.2932
1083,249,58.7439
1083,1052,36.8711
1083,204,67.7524
1084,1106,28.1619
1085,1105,33.4892
1085,1089,28.7084
1086,1098,12.0338
1086,1060,53.1177
1087,1077,10.0484
1087,1121,42.2439
1088,1121,90.7212
1088,1086,9.0184
1089,1105,19.9881
1089,1058,33.8787
1090,1079,17.1643
1091,251,84.1978
1091,241,14.1627
1092,261,60.1589
1092,224,53.0069
1093,1102,12.8273
1093,1101,12.0773
1094,245,29.0102
1094,1083,14.6708
1094,1058,49.4752
1095,1107,10.3939
1096,211,47.0555
1096,215,37.4631
1097,228,12.9596
1097,231,12.1479
1097,1122,35.5258
1098,1112,25.9399
1098,1092,13.9429
1099,240,22.8105
1099,1128,34.1271
1100,1117,22.8927
1100,223,41.6878
1101,1110,12.6878
1101,244,20.4019
1102,1125,44.5435
1102,1090,15.5679
1103,254,40.1826
1104,1094,8.7711
1104,227,29.7667
1105,1126,57.5803
1106,242,7.4694
1107,1122,37.1098
1107,243,9.5475
1108,1097,13.1516
1109,1084,32.9039
1109,1116,14.6308
1110,1145,69.252
1110,246,10.3416
1111,1140,75.6549
1111,1108,5.2767
1112,1123,36.4077
1112,263,60.8474
1113,1678,59.2546
1113,1265,25.5812
1114,1147,76.2125
1114,1111,10.2155
1115,1132,27.1334
1115,1096,35.0534
1115,1149,59.2393
1116,248,8.3319
1117,1127,14.1305
1118,1117,31.5875
1118,1090,43.3662
1119,253,34.9279
1119,1133,25.6203
1120,1106,32.8619
1120,1109,25.0296
1121,1137,20.3324
1122,1131,12.527
1122,258,21.9602
1123,1130,13.2424
1123,271,55.2139
1124,247,27.1452
1125,1118,10.4698
1126,1162,71.2663
1126,1150,29.7963
1126,1104,32.6096
1127,1143,21.5134
1127,1124,75.3669
1127,1138,29.0418
1128,1176,105.2961
1128,1200,122.3046
1129,1190,49.3762
1130,1137,23.4412
1130,272,53.5394
1131,1169,75.1691
1131,1114,21.6453
1131,1157,34.456
1132,1152,21.9978
1132,233,66.4686
1133,1286,35.1327
1133,1144,7.6813
1134,1151,17.9261
1134,1136,20.6688
1135,239,81.9967
1135,259,6.7388
1136,1142,17.6992
1137,1155,20.5652
1137,1156,37.5027
1138,1145,10.6905
1138,1125,24.0161
1139,256,12.0374
1139,266,29.2768
1139,1120,34.7541
1140,262,19.2552
1140,250,26.0915
1141,1158,17.8252
1141,1124,45.238
1142,1164,23.6699
1142,1136,107.6611
1143,1141,20.2981
1144,1679,45.2772
1144,943,89.5793
1145,1160,17.381
1146,1148,8.7695
1146,1139,11.6231
1147,1140,10.2807
1148,257,19.2523
1149,1174,31.4413
1149,1159,26.2126
1150,1166,43.1683
1150,1163,14.0199
1151,1159,8.5792
1151,1170,33.7656
1152,1116,85.7673
1152,1174,50.4068
1153,203,43.7696
1153,895,51.942
1154,1420,24.0585
1154,1560,80.3452
1155,1156,23.3054
1155,1192,46.9573
1156,270,12.0995
1156,255,27.9568
1157,1197,66.616
1157,1180,33.8449
1157,1135,31.0222
1158,1171,16.9817
1158,1175,20.1989
1159,1165,8.5674
1160,1185,41.4386
1161,1208,77.5718
1161,264,10.2536
1162,1168,42.3527
1163,265,53.1481
1164,267,19.9426
1165,1179,14.6978
1166,1162,17.1643
1166,1178,13.5028
1167,1143,43.2601
1167,1160,15.5554
1168,1185,32.2261
1169,1147,25.4554
1170,1177,8.6738
1170,1165,30.0253
1171,1210,61.5083
1171,269,27.4952
1171,1175,6.7514
1172,1169,6.8476
1172,280,26.195
1173,1216,51.7406
1173,1148,42.5878
1174,1231,54.6275
1174,1179,43.9725
1175,1181,13.1355
1176,1205,29.2637
1177,1193,16.1893
1177,1179,28.3286
1177,1164,33.8752
1178,1186,26.8114
1178,1163,41.9458
1179,1188,13.5338
1180,276,14.9135
1180,1187,15.8546
1181,284,28.0476
1181,1189,23.4753
1182,364,55.9502
1182,962,29.9623
1183,273,14.5418
1183,1184,15.7595
1183,1208,37.3188
1184,1208,19.2705
1184,1161,59.8769
1185,1214,38.5403
1186,1194,15.7
1186,1262,67.2951
1187,1221,44.3556
1187,287,29.591
1187,1173,34.6322
1188,1198,5.9175
1188,1193,24.9793
1189,288,24.7838
1190,342,28.2494
1190,1562,33.7873
1191,1008,30.7047
1192,279,18.2664
1192,1215,20.1953
1192,1204,23.9099
1193,282,23.248
1194,1185,43.8689
1194,1168,30.6222
1194,293,32.9121
1195,1183,28.1196
1195,275,9.6447
1196,1211,16.5541
1197,1226,44.1199
1198,1235,35.8632
1198,283,18.7881
1199,1213,15.3413
1199,1196,11.8684
1200,1196,41.7449
1200,1218,31.9509
1201,1146,65.4802
1201,268,55.2086
1202,1288,13.6654
1203,193,57.8493
1203,306,32.3018
1204,1234,27.7789
1204,1195,30.2865
1205,1199,20.6926
1206,1189,33.662
1206,1167,40.5035
1207,281,11.1935
1207,1212,24.0323
1208,1220,13.1522
1209,1201,9.7982
1209,1217,11.427
1210,274,78.9578
1210,1248,41.5785
1211,1213,12.1511
1212,1222,9.6867
1212,1201,24.1127
1213,1219,19.6383
1213,1225,11.5147
1214,1206,13.8683
1214,1271,50.8444
1215,291,41.8049
1216,1244,39.1752
1216,1207,14.9135
1217,285,19.0897
1218,1229,8.6009
1219,1205,15.7965
1219,1232,10.704
1220,1234,74.6647
1220,1258,29.1449
1221,298,20.5426
1222,1209,23.1938
1222,1217,33.2305
1223,1287,51.1368
1224,1400,25.4553
1224,197,63.1027
1225,1232,18.8636
1225,1218,21.3879
1226,1172,119.0809
1226,1228,77.2618
1227,1267,56.9923
1227,278,93.1774
1227,290,6.8451
1228,1197,35.1873
1228,1239,13.0324
1229,1249,20.6933
1229,1251,34.1249
1230,1217,10.8354
1231,1237,35.243
1231,1238,22.9829
1232,1270,32.0043
1233,286,22.7612
1233,1227,26.4482
1234,1266,22.0456
1235,1243,8.5003
1235,1238,21.2165
1235,1255,31.3821
1236,1247,21.9947
1236,289,21.3799
1236,1257,15.9881
1237,1250,11.7234
1237,1236,69.8063
1238,1243,10.0235
1239,1221,25.764
1239,1284,46.1896
1240,1233,24.8823
1240,294,7.0714
1241,1240,8.9468
1241,1267,33.6917
1242,1259,12.931
1242,299,38.4498
1243,1260,13.3029
1244,1268,31.4121
1244,1293,42.7817
1245,1230,14.916
1246,295,13.0546
1246,303,31.1606
1247,1245,29.9697
1247,1230,36.2911
1248,1273,23.6804
1248,296,11.2479
1248,300,47.1814
1249,1225,20.7415
1249,1261,30.2922
1250,1282,35.537
1250,297,20.3218
1251,1261,10.0974
1251,1256,9.7689
1252,236,17.9252
1252,1581,34.9793
1253,1009,66.3237
1253,1524,57.139
1254,1272,20.9397
1254,1289,41.147
1254,1241,20.3063
1255,1246,19.6347
1256,1242,30.2783
1257,1269,20.5643
1257,1282,33.1854
1258,1266,77.0098
1258,1302,37.8398
1259,1277,14.8125
1259,1256,19.8281
1260,1274,11.5178
1260,1275,27.6595
1262,1278,15.3703
1262,1254,33.3378
1263,1255,11.213
1263,311,52.1942
1264,302,13.1017
1264,1271,21.101
1265,1202,43.1016
1266,1312,40.3317
1267,1285,17.5469
1268,1279,18.4536
1268,1300,54.3922
1269,1309,46.3192
1269,1247,19.4537
1269,310,15.9333
1270,305,20.4457
1270,1249,24.0875
1272,1289,13.3371
1273,1314,43.1541
1273,301,48.717
1273,1311,65.8645
1274,1280,9.4707
1275,1281,9.3872
1275,1263,12.9104
1276,1287,24.4477
1276,1223,82.682
1277,1292,15.38
1277,1306,47.21
1278,1272,19.9835
1279,1284,13.0679
1279,1294,15.895
1280,1298,16.7372
1280,1295,22.2926
1280,1238,37.1324
1281,1274,26.5809
1283,1271,13.7839
1283,1313,36.3116
1284,1319,44.3192
1285,1304,30.9012
1286,1119,16.3757
1287,1361,6.6077
1288,1297,34.791
1289,1326,32.2341
1290,1303,16.8023
1290,1245,46.1596
1291,314,10.7165
1291,1278,11.7128
1292,1328,40.0295
1292,1261,33.8797
1293,1318,25.0541
1294,337,80.3622
1294,317,10.1947
1295,1320,22.9828
1295,307,36.7745
1296,1264,32.7032
1296,1316,27.2555
1297,1082,38.1714
1297,361,28.3198
1298,1337,39.6361
1298,1317,19.536
1299,313,25.0955
1299,318,7.8403
1300,1293,11.4043
1300,1322,25.6648
1301,322,16.1056
1301,309,25.749
1302,324,13.2423
1302,1312,80.3505
1303,1318,15.6525
1304,316,39.6541
1305,1374,57.0846
1305,1282,17.4185
1306,1307,8.3998
1307,312,13.4261
1307,1321,13.5771
1308,1302,17.4215
1308,320,21.4528
1309,1299,14.7931
1310,1191,16.9923
1310,1224,10.3939
1311,1296,13.3454
1311,1329,23.6757
1312,1324,36.0376
1313,1333,29.102
1313,1381,66.4984
1314,1340,25.4089
1314,308,55.528
1315,1270,47.1591
1315,1323,13.2887
1316,1329,19.6751
1316,1283,28.6438
1316,1333,27.9166
1317,328,67.5201
1318,1322,10.1213
1319,329,24.9916
1319,1301,14.627
1320,1331,13.5388
1320,321,8.8616
1321,1351,34.7973
1321,325,12.3997
1322,1327,6.7614
1323,1330,33.4666
1324,1354,27.2526
1324,1215,105.0864
1325,1290,38.5323
1325,338,31.329
1325,1309,24.855
1326,1332,22.8733
1326,1357,34.3567
1326,1304,70.1371
1327,1339,12.8868
1327,1364,36.46
1328,1323,12.5955
1330,1342,21.4198
1330,1315,20.3257
1331,1343,13.7412
1331,1305,40.3298
1331,315,34.465
1331,1337,10.8432
1332,1371,53.3603
1332,1291,36.6076
1333,1355,30.3694
1333,347,48.8519
1334,277,29.1737
1334,1514,33.5348
1336,1303,37.9198
1336,1325,13.4396
1337,1345,10.6426
1338,1317,24.5332
1338,1375,56.2938
1339,1352,11.0638
1339,1379,36.1719
1340,1356,11.5348
1340,319,53.1908
1341,1374,33.0181
1341,327,15.1712
1342,343,32.5256
1342,304,82.6981
1342,1407,61.9457
1343,1341,7.2288
1343,1359,19.4502
1344,1328,25.7434
1344,1368,34.8441
1345,1338,8.823
1345,1390,61.0317
1346,326,15.8806
1346,1360,20.384
1347,1318,38.4912
1347,1336,13.1662
1348,1546,19.6442
1349,214,31.6619
1349,1252,12.5625
1350,330,12.6906
1351,1358,9.4938
1351,1306,36.0917
1352,1350,35.1114
1352,1385,35.3546
1353,1340,15.6711
1353,1376,34.2018
1354,1370,15.1301
1354,1362,145.1395
1355,1440,76.0944
1355,1329,18.1404
1356,340,13.8883
1356,1367,17.5208
1357,1366,16.9008
1357,1366,23.3415
1358,1372,11.5128
1358,331,15.9654
1359,1345,13.2573
1359,1396,46.3553
1360,1373,20.2127
1361,1432,5.3494
1361,1286,24.6802
1362,1308,43.466
1362,1383,68.8016
1363,1369,6.921
1363,1352,14.9553
1364,1347,18.6547
1365,346,41.209
1365,335,13.2739
1366,1405,28.308
1367,1382,12.5113
1367,1353,15.1634
1368,1351,18.1528
1368,1389,27.4901
1369,1388,20.2901
1369,1350,19.5636
1370,1386,11.3918
1370,1378,71.3541
1371,1415,35.7784
1372,334,27.334
1373,1412,30.4486
1373,1428,48.5011
1373,1329,38.2144
1374,1384,11.1282
1374,1392,21.0216
1375,1390,11.007
1375,344,36.817
1376,1395,20.6047
1376,1346,22.8158
1377,1335,7.0106
1378,1393,13.9429
1379,1364,14.437
1380,1363,12.1007
1381,1404,19.7601
1381,1371,24.6928
1382,1414,27.0307
1382,1395,20.3627
1383,1469,68.3205
1383,1378,59.921
1384,1397,15.6047
1384,336,27.6143
1385,1380,9.1677
1386,1403,14.485
1387,1394,9.4738
1387,1379,10.4031
1388,1459,73.3794
1388,1365,19.9959
1389,1372,11.9689
1389,1409,23.1405
1390,1416,23.0484
1391,1413,20.6752
1391,341,74.0547
1392,1425,23.2019
1392,1402,18.3522
1393,1423,17.1345
1393,1386,67.5911
1394,1421,18.6898
1395,1422,22.443
1397,1418,23.3975
1397,339,38.1002
1397,1410,7.6909
1398,1385,14.2307
1398,1394,7.0954
1399,1380,24.1781
1399,1385,22.5062
1400,1621,27.188
1401,1582,15.6318
1401,1335,16.8374
1402,1359,34.0785
1403,349,27.971
1404,1427,26.1332
1404,1443,29.8164
1405,1408,33.4868
1405,1435,20.8649
1405,1391,20.9954
1406,1336,65.0144
1407,358,47.3868
1407,1344,56.3603
1408,1411,9.0087
1408,355,24.7411
1409,1491,89.7119
1409,1424,70.3245
1410,1436,22.4498
1410,1425,20.4809
1411,354,21.3029
1412,1439,25.7962
1413,1405,31.7195
1413,348,49.4205
1414,345,36.5179
1414,1471,58.3942
1415,1443,42.7875
1415,1411,25.2813
1416,1429,11.8851
1416,1396,15.6047
1417,1438,20.4672
1417,1396,16.5956
1418,1406,13.1641
1419,1265,13.5843
1419,1649,39.8361
1420,704,60.0573
1420,1677,45.9348
1421,1433,13.7756
1421,356,29.0649
1422,1360,47.7455
1423,1442,17.2958
1423,1403,61.8413
1424,1409,14.006
1424,1446,28.481
1426,1387,34.2999
1427,352,17.7035
1427,1467,33.4355
1428,373,62.2442
1428,1412,19.5433
1429,1417,20.0946
1429,1492,71.92
1430,1496,65.2784
1430,1422,10.3592
1431,1401,9.8209
1432,1570,11.9834
1433,1426,9.1125
1433,1451,18.1727
1434,1403,19.5667
1434,1450,13.8572
1435,1490,66.3553
1435,1413,45.7393
1436,1455,21.6888
1436,1418,18.6548
1436,1461,27.7356
1437,1444,9.7934
1437,350,24.9197
1437,1406,29.6127
1438,1458,19.124
1438,1402,37.2315
1439,1504,60.8048
1439,1430,10.9469
1440,371,49.8114
1440,1428,16.6426
1440,1457,17.1267
1441,1425,21.8937
1441,1402,31.1047
1442,1453,10.3882
1442,1434,57.0377
1443,1506,63.7856
1444,1452,19.7386
1444,1470,25.7628
1445,1276,20.8373
1445,1432,35.8643
1446,1466,19.1585
1446,351,42.4043
1447,1399,46.7132
1447,1398,54.8928
1448,1473,21.5293
1448,1355,80.8009
1449,1522,63.0593
1449,1453,42.9056
1450,1523,69.0916
1450,1449,11.3378
1451,1460,9.7732
1452,1460,9.5474
1452,1426,26.8689
1453,1522,111.6761
1453,1469,58.1629
1454,1468,12.0021
1454,1441,11.4042
1455,1472,17.5067
1456,1488,36.7568
1456,353,42.5242
1457,365,25.5318
1457,1473,29.7035
1458,1462,7.6545
1458,1492,58.4562
1459,1447,14.4486
1460,1476,21.2612
1461,1472,37.3912
1461,1468,12.6021
1462,1474,11.7508
1462,1441,32.65
1463,1437,27.0196
1463,1455,15.3607
1464,368,23.235
1464,1456,12.7318
1465,1476,11.9305
1465,1451,17.6077
1466,1483,33.1896
1466,1485,24.0394
1467,1499,28.6342
1467,1448,34.6781
1468,1486,23.0041
1468,1484,30.083
1469,369,19.2705
1469,367,57.3322
1470,1481,20.739
1470,1463,9.6446
1470,1495,24.7566
1471,1464,29.8746
1471,1512,41.6391
1472,1482,14.7756
1474,1484,12.5939
1474,1454,30.2312
1475,1497,23.6982
1475,359,13.3259
1476,1511,52.3159
1476,1493,17.2788
1477,1113,35.7929
1477,194,3.8558
1478,1431,13.1056
1478,1561,21.8274
1479,1493,19.8892
1479,1460,20.2472
1480,362,10.4003
1481,1489,7.7874
1481,1452,30.0829
1482,1463,23.8952
1483,1491,11.8789
1483,1498,14.064
1484,1532,68.9923
1485,363,23.2196
1486,1550,100.0701
1487,380,38.9293
1487,357,39.9108
1488,1475,30.9878
1489,1479,12.2522
1489,1505,19.1945
1490,1509,15.857
1490,1480,18.8557
1490,374,23.4911
1491,1520,44.1385
1492,1532,37.3957
1493,1529,56.9341
1493,1508,15.0879
1494,1459,38.7199
1494,1465,58.3129
1495,1482,14.4725
1495,1518,22.8943
1496,1537,40.8831
1496,1504,16.6505
1497,1525,27.4933
1497,1557,101.2352
1498,378,30.1234
1498,1513,19.8896
1499,1516,24.6175
1499,1473,42.1297
1499,1506,15.5205
1500,1508,12.8433
1500,1489,11.3674
1501,360,34.8915
1501,375,17.9301
1502,1510,13.7587
1502,1486,17.1295
1503,1485,17.0045
1503,372,26.2924
1504,1527,21.5455
1505,1531,25.7736
1505,1495,23.3781
1506,1634,112.1974
1506,1517,14.8946
1507,377,34.1656
1507,1473,36.5835
1508,1544,53.2922
1509,1530,16.8545
1509,1501,70.5519
1510,1518,7.9299
1510,1602,106.1913
1511,1528,19.1338
1511,1494,20.346
1512,1488,45.4365
1512,1534,26.9246
1513,1583,101.5483
1513,1521,8.5917
1514,1600,7.7767
1515,1503,20.9189
1516,1587,67.5748
1516,1507,37.2415
1517,383,10.1472
1517,1533,38.252
1518,1531,19.8892
1518,1594,85.5767
1519,1526,13.2227
1519,1500,18.2247
1519,1505,14.8165
1520,366,41.8963
1521,1515,8.3266
1521,1535,18.7822
1522,1523,19.688
1523,1624,95.513
1523,1624,97.0525
1524,507,32.1379
1524,1349,22.7767
1525,1559,55.6562
1526,1555,50.15
1526,1508,17.4132
1526,1536,11.5909
1527,1545,17.4263
1527,1538,27.2327
1528,1494,39.5599
1529,1511,14.7629
1530,1541,13.1799
1530,1480,60.7365
1530,384,43.5446
1531,1539,19.4841
1532,1550,22.0473
1533,1572,35.6322
1533,1541,38.6863
1534,1543,7.8356
1534,1537,17.8308
1535,393,69.6285
1535,1551,17.7554
1536,1566,44.6684
1536,1548,13.7824
1538,1552,11.3792
1538,379,19.9572
1539,1519,25.7193
1540,401,112.1254
1540,1487,72.0703
1541,1549,44.4627
1542,1503,43.3977
1542,376,57.6826
1543,1557,12.7931
1543,382,30.7709
1544,1529,18.2298
1545,1537,17.3011
1545,1604,77.8653
1546,407,25.0574
1546,1650,10.3222
1546,1203,61.4005
1547,1568,26.4389
1547,1520,46.7718
1548,1576,42.9043
1548,1558,8.6394
1548,1539,12.959
1549,1564,10.9324
1549,385,12.8832
1550,1585,36.2955
1551,1542,29.1477
1552,1578,25.1924
1552,386,30.8096
1553,1593,35.374
1553,1525,28.4233
1554,1577,19.7378
1554,1541,13.3171
1555,1544,15.3212
1556,1611,77.6442
1556,1542,14.4573
1556,1574,16.653
1557,1591,27.5123
1558,1571,16.5647
1558,1584,30.5584
1559,1579,25.7388
1559,1591,49.4245
1560,1377,17.2839
1561,1718,25.2511
1561,1191,39.7149
1562,584,45.9088
1562,1676,11.4177
1563,1573,17.2029
1563,1531,43.3887
1564,1554,42.3639
1564,1567,14.6177
1565,1528,40.349
1565,1555,15.0261
1566,1555,11.7508
1567,1575,11.0533
1567,389,48.339
1568,1540,35.5107
1568,394,20.4456
1569,1182,36.0995
1569,292,97.15
1570,782,92.8084
1570,1622,37.3231
1571,1580,13.7587
1572,396,20.537
1572,1595,41.1269
1573,1584,14.7123
1573,1539,38.4875
1574,1605,31.8156
1575,1592,10.4174
1576,1566,14.437
1577,1595,11.0669
1577,1592,55.0369
1578,1620,33.1887
1578,1588,12.546
1579,1553,50.5811
1579,1596,28.8311
1580,1589,11.2061
1580,1601,61.6869
1581,1348,38.5798
1582,1757,14.564
1583,1656,82.9197
1583,1547,41.1576
1584,1607,20.1965
1585,1602,14.3788
1585,1502,102.4593
1586,1611,22.2832
1586,1551,50.0662
1587,1636,41.3742
1588,1618,24.9618
1588,395,26.2738
1589,1576,10.9961
1590,1606,18.024
1590,1563,32.4004
1592,1608,11.9773
1593,1629,46.1184
1594,1590,12.2864
1594,1627,34.8209
1595,1603,9.6433
1596,1613,18.0489
1597,1591,5.4663
1598,1587,15.7802
1598,391,10.2128
1599,196,11.493
1599,813,132.0055
1599,199,5.0315
1600,448,15.4583
1600,1756,39.3778
1601,1612,18.2298
1601,1589,8.5743
1602,1627,22.7696
1603,1660,45.0853
1604,1616,9.0027
1604,1597,10.1882
1605,1630,21.9743
1605,387,54.292
1606,1615,10.9961
1606,1573,33.972
1606,1638,36.4713
1607,1571,36.4071
1607,1635,27.0937
1608,1626,42.2712
1608,1595,58.1302
1609,1310,34.4661
1610,1584,28.6318
1610,1615,6.5277
1611,405,18.7151
1612,1565,50.5261
1612,1652,58.5807
1613,1640,27.9862
1613,1579,28.173
1614,1596,28.0143
1614,1597,20.6711
1615,1638,23.222
1616,1637,19.279
1616,1625,9.156
1617,1647,67.6696
1617,1605,15.4592
1618,1645,22.0746
1619,1684,46.743
1619,400,13.1989
1620,1618,18.4256
1621,1825,26.065
1622,782,49.6677
1622,1445,14.7553
1623,1625,18.4458
1623,1620,23.6839
1624,381,372.5344
1625,1651,22.0245
1626,1693,51.8536
1626,1603,37.179
1628,1598,23.847
1628,1634,13.9881
1629,398,28.9602
1629,1640,21.9967
1630,1639,17.1359
1630,392,51.0388
1631,1641,10.3172
1631,399,26.439
1631,404,6.8149
1632,1661,38.8298
1632,1617,10.6287
1633,1663,33.8935
1633,1614,12.2704
1634,1690,47.7676
1634,1697,47.3502
1635,1652,24.7901
1635,1659,21.9455
1635,1610,25.0258
1636,1618,66.9575
1636,1644,7.5068
1637,1682,36.2157
1637,1633,10.6326
1637,1651,17.1773
1638,1659,28.1608
1638,1655,16.5054
1639,1632,8.0018
1639,1665,27.3488
1640,1701,60.8931
1641,1631,48.4461
1642,1623,16.0795
1643,1683,44.2593
1643,1593,55.2114
1644,1658,9.6282
1644,1628,31.684
1645,1642,39.0387
1646,1673,25.5738
1646,1627,27.0604
1647,1669,35.0512
1647,1574,81.1343
1648,1645,21.1152
1649,1288,32.3488
1649,805,66.7849
1650,594,31.3336
1651,1699,35.5127
1651,1662,17.0657
1652,1667,25.5117
1653,1669,16.3565
1654,1641,9.7481
1654,1687,20.7918
1654,1653,46.6191
1655,1674,15.4092
1655,1646,12.172
1655,1685,28.0509
1656,1670,19.1585
1656,412,14.9086
1657,1665,15.2671
1657,1630,24.0988
1658,1666,8.9154
1658,1648,46.7072
1660,1716,43.0323
1661,1686,25.6879
1661,1705,34.8157
1662,1700,29.386
1662,1642,15.6155
1663,1640,32.8513
1664,1662,47.498
1664,1645,16.09
1665,1691,21.1396
1666,411,13.9881
1666,1681,5.0045
1667,1659,13.5641
1668,1657,13.1654
1668,408,50.9333
1669,1754,123.7982
1670,1698,26.7381
1670,409,18.5638
1671,410,13.5697
1672,417,24.0335
1672,1663,6.5941
1673,1703,24.7488
1674,1667,46.0582
1674,1692,18.8917
1675,1664,23.0112
1675,1648,26.3731
1676,447,53.7953
1677,1827,35.3247
1678,476,20.3297
1678,403,6.9997
1679,145,127.5925
1680,1622,23.7562
1681,413,12.3786
1681,1690,14.3623
1682,1672,6.7375
1682,1699,26.5487
1683,1720,35.7793
1684,1712,26.021
1684,1709,106.1821
1685,1673,7.4318
1685,1707,25.7465
1686,416,16.8598
1686,1722,34.3015
1687,1704,14.8538
1687,1653,36.3113
1688,1668,9.7271
1689,1696,11.3831
1689,1671,21.3761
1690,1714,28.4729
1690,1695,6.5941
1691,1719,23.7322
1692,1685,8.879
1692,1717,27.8803
1693,1727,30.1373
1693,1660,45.2294
1693,423,62.6207
1694,1754,62.0062
1694,1654,51.5145
1695,422,13.8129
1695,1697,8.4445
1696,1643,37.9544
1696,1723,27.9762
1698,1702,7.7164
1698,1783,87.8063
1699,1713,20.777
1700,1713,14.4589
1700,427,26.8985
1701,1711,17.1749
1701,1671,18.7004
1702,438,64.2911
1702,421,39.0132
1703,1728,29.2869
1703,1683,26.3128
1704,1669,39.8714
1705,1691,17.8004
1706,1696,23.0797
1706,1731,29.5425
1707,1703,8.8633
1708,1697,16.4349
1708,1712,11.7441
1708,1619,78.7027
1709,406,63.6208
1710,425,13.0253
1710,1694,24.4432
1711,1723,13.4298
1711,1689,20.1567
1712,1721,10.6326
1713,1750,50.7958
1713,1724,18.3925
1714,1742,33.7285
1714,1675,48.6478
1714,1737,35.3012
1715,1688,29.0483
1715,424,15.3533
1716,426,10.8752
1717,1744,37.7858
1717,1707,8.3872
1717,1735,27.8194
1718,696,32.0969
1718,1826,24.6336
1719,1752,60.8415
1719,1733,19.8382
1719,1688,40.0446
1720,1706,21.8341
1721,1749,36.381
1721,1725,22.9829
1722,1705,31.6212
1723,1764,45.1434
1724,441,32.0446
1724,1740,30.8203
1725,1709,15.4307
1725,1732,39.4278
1726,1760,41.5023
1726,428,8.887
1727,1716,41.6763
1727,436,64.043
1728,1739,13.9657
1728,1720,21.0532
1729,1738,12.1505
1729,1715,10.8564
1730,437,30.7165
1730,1710,17.3722
1730,1769,42.8396
1731,1745,33.6594
1731,1723,13.8224
1732,1716,16.1143
1733,1741,26.3308
1733,1729,36.9571
1734,1725,9.736
1734,1743,41.0592
1735,1744,32.4816
1736,1747,16.3432
1737,1708,32.4035
1738,1736,39.7792
1739,1735,8.3409
1739,1758,17.8161
1740,1753,19.5433
1740,429,26.1909
1741,1746,20.4057
1741,1792,42.9585
1742,420,39.8102
1742,1779,48.9278
1743,1732,13.4039
1743,620,297.9812
1744,1768,21.8501
1745,1751,11.2293
1745,1788,37.1825
1746,1752,13.652
1746,1793,38.8508
1747,1748,20.7027
1747,1796,72.2199
1748,432,25.6786
1749,1737,24.3606
1749,1761,31.055
1750,1790,39.3125
1751,1758,15.582
1751,469,69.1462
1752,1763,17.6344
1753,452,58.74
1753,1760,8.8468
1753,1726,32.5089
1754,1769,35.4187
1755,1748,10.4005
1755,443,7.3483
1756,532,12.1452
1756,1679,48.8353
1757,621,21.1134
1757,1816,20.7233
1758,1762,9.0221
1758,470,66.8215
1759,1784,47.8641
1759,1750,12.2964
1760,1809,47.6402
1761,1799,33.6361
1761,1734,27.3966
1761,1766,30.4471
1762,1765,13.6355
1763,439,38.7193
1763,1722,49.0105
1764,1773,21.0762
1764,1775,11.3907
1765,1768,17.5605
1766,444,10.7222
1766,1770,11.7515
1767,1760,16.3128
1767,1742,37.4486
1768,1771,14.5069
1769,1783,37.1771
1769,454,29.9596
1770,1743,28.4233
1770,1777,9.3301
1771,1778,69.2152
1771,1801,29.2821
1772,1784,31.7271
1773,1788,25.4089
1773,442,19.7249
1773,458,24.289
1774,1755,18.2997
1774,1776,35.3221
1775,1772,10.8752
1775,1804,29.7779
1776,431,54.1308
1777,1813,37.8597
1777,445,14.1241
1777,450,24.9303
1778,1780,32.7545
1778,435,38.368
1779,1799,51.4062
1780,1781,17.1192
1780,1798,14.4769
1780,434,48.9871
1781,1776,12.7894
1781,433,49.9627
1782,449,10.8564
1782,446,15.3799
1783,1824,38.7962
1784,1823,38.9842
1785,487,62.5929
1785,1738,46.0344
1786,1767,21.9494
1786,1810,27.1448
1787,1763,21.0647
1787,1828,36.3506
1789,1794,18.6952
1789,440,35.2687
1790,1805,21.2324
1790,1759,31.2783
1791,1762,23.2649
1792,1785,33.251
1793,1819,24.0479
1793,1792,14.7437
1794,459,41.7858
1794,1782,8.0018
1795,1789,8.3021
1795,1787,27.8219
1796,1774,17.1826
1796,1829,27.5186
1797,1804,10.3592
1797,1772,19.7821
1797,1784,15.3855
1798,1807,8.0975
1798,1814,37.3776
1799,479,45.004
1799,1813,40.8838
1800,1765,26.1121
1800,1791,17.3401
1800,1802,21.3928
1800,519,76.8556
1801,1811,10.4261
1801,1800,20.4352
1802,1791,10.5505
1803,1514,32.1854
1803,506,23.7177
1804,1836,48.0116
1805,456,18.9976
1805,1817,9.7716
1806,1794,13.7563
1807,1812,17.8355
1807,1814,32.1537
1808,1815,14.3511
1808,453,14.7436
1809,1818,14.3805
1809,1835,27.7452
1810,451,20.5336
1811,465,15.6988
1811,475,21.6863
1812,1776,32.7115
1812,1834,35.872
1814,1820,4.5844
1815,1821,12.8519
1815,455,14.8538
1816,718,26.6407
1816,1478,30.3069
1817,464,11.1905
1817,460,11.0182
1817,510,67.8242
1818,468,13.4751
1818,1837,15.1117
1819,1828,34.3641
1819,478,18.8635
1819,487,56.3102
1820,462,16.8342
1821,473,23.4295
1821,486,28.7023
1822,461,17.5527
1822,1810,11.7441
1823,1836,15.1117
1823,1831,5.3163
1824,1838,31.9308
1825,670,26.6919
1826,716,25.473
1826,583,16.4206
1826,1609,27.3472
1827,1560,25.523
1827,546,14.7784
1828,1833,31.3963
1829,482,17.5664
1829,466,26.8163
1830,4,37.2308
1830,1822,8.5874
1830,1779,44.3154
1832,1820,10.4004
1832,474,18.9071
1833,1795,33.4588
1834,0,13.9383
1834,463,9.6658
1835,1786,49.8415
1836,1797,37.7189
1837,2,16.2219
1837,480,14.5966
1838,488,16.9684
1839,1835,7.6899
1839,7,23.0283
