# index, Country, Internal, Latitude, Longitude, geocode_append, geocode_id, hyperedge, id, label, _pos
0,United States,1,37.95143,-91.77127,Missouri,,0,0,Rolla,"array([-0.96315377, -8.37908207])"
1,United States,1,38.70446,-93.22826,Missouri,,0,1,Sedalia,"array([-0.85083917, -8.42527522])"
2,United States,1,36.33202,-94.11854,Arkansas,,0,2,Rogers,"array([-0.54206409, -8.16560364])"
3,United States,1,38.97364,-92.74324,Missouri,,0,3,Boonville,"array([-0.8919145 , -8.42719357])"
4,United States,1,36.37285,-94.20882,Arkansas,,0,4,Bentonville,"array([-0.59782037, -8.20466225])"
5,United States,1,43.01168,-88.23148,Wisconsin,,0,5,Waukesha,"array([-1.65718516, -8.90306994])"
6,United States,1,43.0389,-87.90647,Wisconsin,,0,6,Milwaukee,"array([-1.6226048 , -8.86861679])"
7,United States,1,41.59337,-87.34643,Indiana,,0,7,Gary?,"array([-1.66730484, -8.35189794])"
8,United States,1,33.91371,-98.49339,Texas,,0,8,Wichita Falls,"array([-0.0377498 , -7.96823118])"
9,United States,1,33.55661,-97.84404,Texas,7173052,0,9,Bowle,"array([-6.84169103e-03, -7.93497562e+00])"
10,United States,1,46.26773,-89.17792,Michigan,,0,10,Watersmeet,"array([-1.71313983, -9.27541043])"
11,United States,1,46.45467,-90.17101,Michigan,,0,11,Ironwood,"array([-1.68499598, -9.28654621])"
12,United States,1,29.68773,-97.1086,Texas,,0,12,Flatonia,"array([ 0.24821145, -7.61680015])"
13,United States,1,46.54354,-87.39542,Michigan,,0,13,Marquette,"array([-1.65624053, -9.23843568])"
14,United States,1,45.74525,-87.06458,Michigan,,0,14,Escanaba,"array([-1.66567027, -9.20473773])"
15,United States,1,45.82023,-88.06596,Michigan,,0,15,Iron Mountain,"array([-1.68349994, -9.17036152])"
16,United States,1,44.51916,-88.01983,Wisconsin,,0,16,Green Bay,"array([-1.70000101, -9.14400485])"
17,United States,1,44.44888,-88.06038,Wisconsin,,0,17,De Pere,"array([-1.70523019, -9.11516536])"
18,United States,1,38.27757,-85.73718,,,0,18,Jeffersonville,"array([-1.28275387, -7.68777765])"
19,United States,1,38.21201,-86.12192,Indiana,,0,19,Corydon,"array([-1.20310939, -7.70806354])"
20,United States,1,38.8906,-90.18428,Illinois,,0,20,Alton,"array([-1.18663064, -8.42334101])"
21,United States,1,37.83921,-94.35467,Missouri,,0,21,Nevada,"array([-0.71633201, -8.31530346])"
22,United States,1,42.81225,-85.72281,Michigan,,0,22,Byron Center,"array([-1.91438853, -8.14500969])"
23,United States,1,41.47477,-84.55245,Ohio,,0,23,Bryan,"array([-1.85082152, -7.98984532])"
24,United States,1,37.9884,-85.71579,Kentucky,,0,24,Shepherdsville,"array([-1.14832149, -7.59412403])"
25,United States,1,41.66394,-83.55521,Ohio,,0,25,Toledo,"array([-1.90532417, -7.94865046])"
26,United States,1,42.06891,-90.66569,,,0,26,Macquoketa,"array([-1.55778072, -8.64490684])"
27,United States,1,41.84447,-90.18874,,,0,27,Clinton,"array([-1.54986394, -8.6132868 ])"
28,United States,1,36.74172,-88.63672,Kentucky,,0,28,Mayfield,"array([-0.83619683, -7.55074677])"
29,United States,1,36.85728,-88.35032,Kentucky,,0,29,Benton,"array([-0.85066649, -7.60129451])"
30,United States,1,42.00833,-91.64407,,,0,30,Cedar Rapids,"array([-1.66959975, -8.67394542])"
31,United States,1,41.79806,-92.07074,,,0,31,Marengo,"array([-1.72683972, -8.71288913])"
32,United States,1,41.52364,-90.57764,,,0,32,Davenport,"array([-1.56002801, -8.57851305])"
33,United States,1,41.66113,-91.53017,,,0,33,Iowa City,"array([-1.61139386, -8.62904461])"
34,United States,1,36.52977,-87.35945,Tennessee,,0,34,Clarksville,"array([-0.83353194, -7.43688366])"
35,United States,1,36.077,-87.38779,Tennessee,,0,35,Dickson,"array([-0.79564747, -7.3944985 ])"
36,United States,1,36.8656,-87.48862,Kentucky,,0,36,Hopkinsville,"array([-0.90695569, -7.52650095])"
37,United States,1,36.66505,-87.44279,Kentucky,,0,37,Oak Grove,"array([-0.87055284, -7.48100759])"
38,United States,1,41.92392,-89.06871,Illinois,,0,38,Rochelle,"array([-1.68270538, -8.58890774])"
39,United States,1,41.83892,-89.47955,Illinois,,0,39,Dixon,"array([-1.65332303, -8.59573191])"
40,United States,1,36.00062,-88.42811,Tennessee,,0,40,Huntingdon,"array([-0.73917184, -7.4371294 ])"
41,United States,1,36.13256,-88.51866,Tennessee,,0,41,McKenzie,"array([-0.74112505, -7.48002709])"
42,United States,1,38.39812,-85.75496,Indiana,,0,42,Sellersburg,"array([-1.30782901, -7.75059473])"
43,United States,1,38.28562,-85.82413,Indiana,,0,43,New Albany,"array([-1.24256751, -7.69787558])"
44,United States,1,37.2256,-86.6836,Kentucky,,0,44,Morgantown,"array([-0.94068948, -7.47019105])"
45,United States,1,37.40199,-86.87583,Kentucky,,0,45,Beaver Dam,"array([-1.03197624, -7.53098197])"
46,United States,1,37.48005,-86.29386,Kentucky,,0,46,Leitchfield,"array([-0.99435796, -7.52635214])"
47,United States,1,37.29393,-87.12333,Kentucky,,0,47,Central City,"array([-0.95596817, -7.52154203])"
48,United States,1,37.97476,-87.55585,Indiana,,0,48,Evansville,"array([-1.03982029, -7.66921095])"
49,United States,1,37.77422,-87.11333,Kentucky,,0,49,Owensboro,"array([-1.00990623, -7.58952901])"
50,United States,1,37.69395,-85.85913,Kentucky,,0,50,Elizabeth Town,"array([-1.06976051, -7.53434187])"
51,United States,1,37.83615,-87.59001,Kentucky,,0,51,Henderson,"array([-0.99506006, -7.61790558])"
52,United States,1,37.3281,-87.49889,Kentucky,,0,52,Madisonville,"array([-0.94454097, -7.57200315])"
53,United States,1,37.39754,-87.76279,Kentucky,,0,53,Providence,"array([-0.94063852, -7.59831609])"
54,United States,1,39.32924,-82.10126,Ohio,,0,54,Athens,"array([-1.73715144, -7.47031829])"
55,United States,1,29.76328,-95.36327,Texas,,0,55,Houston,"array([ 0.19491528, -7.56136335])"
56,United States,1,30.05799,-94.79548,Texas,,0,56,Liberty,"array([ 0.15831837, -7.54158558])"
57,United States,1,47.12687,-88.58096,Michigan,,0,57,Hancock,"array([-1.66089918, -9.26956607])"
58,United States,1,37.95874,-76.75801,Virginia,,0,58,Warsaw,"array([-1.8906096 , -6.94158452])"
59,United States,1,37.91763,-76.47217,Virginia,,0,59,Heathsville,"array([-1.90623673, -6.9108137 ])"
60,,1,0.0,0.0,,,1,60,None,"array([-1.14351557, -7.07692863])"
61,United States,1,37.55376,-77.46026,Virginia,,0,61,Richmond,"array([-1.82106586, -6.96608516])"
62,United States,1,37.22793,-77.40193,Virginia,,0,62,Petersburg,"array([-1.7666788 , -6.95970943])"
63,United States,1,36.72653,-78.12889,Virginia,,0,63,South Hill,"array([-1.7175039 , -6.94607158])"
64,,1,0.0,0.0,,,1,64,None,"array([-0.95881214, -7.10798925])"
65,United States,1,36.81904,-76.27494,Virginia,,0,65,Chesapeake,"array([-1.76184946, -6.91667081])"
66,United States,1,36.2946,-76.25105,North Carolina,,0,66,Elizabeth City,"array([-1.74925216, -6.87841893])"
67,United States,1,36.19016,-76.46605,North Carolina,,0,67,Hertford,"array([-1.72681489, -6.84717121])"
68,United States,1,39.54007,-82.4071,Ohio,,0,68,Logan,"array([-1.75213977, -7.52594832])"
69,,1,0.0,0.0,,,1,69,None,"array([-1.40828584, -7.69863335])"
70,United States,1,29.56884,-97.96473,Texas,,0,70,Seguin,"array([ 0.26231821, -7.65020554])"
71,United States,1,32.50931,-92.1193,Louisiana,,0,71,Monroe,"array([-0.20658064, -7.54820547])"
72,United States,1,31.56044,-91.40317,Mississippi,,0,72,Natchez,"array([-0.24218642, -7.39029258])"
73,United States,1,35.92506,-86.86889,Tennessee,,0,73,Franklin,"array([-0.75040945, -7.31184514])"
74,United States,1,35.61507,-87.03528,Tennessee,,0,74,Columbia,"array([-0.68079614, -7.29635935])"
75,United States,1,35.17425,-87.7378,Tennessee,,0,75,Collinwood,"array([-0.60991947, -7.32007133])"
76,United States,1,35.07786,-87.43974,Tennessee,,0,76,Loretto,"array([-0.6284873, -7.2236398])"
77,United States,1,35.44924,-86.78889,Tennessee,,0,77,Lewisburg,"array([-0.73606534, -7.27324896])"
78,United States,1,35.1998,-87.03084,Tennessee,,0,78,Pulaski,"array([-0.63088283, -7.27024816])"
79,United States,1,35.2423,-87.33474,Tennessee,,0,79,Lawrenceburg,"array([-0.65343075, -7.26029992])"
80,United States,1,33.94815,-86.47276,Alabama,,0,80,Oneonta,"array([-0.45424605, -7.08818939])"
81,United States,1,34.17482,-86.84361,Alabama,,0,81,Cullman,"array([-0.49360163, -7.09135856])"
82,United States,1,34.12093,-93.05378,Arkansas,,0,82,Arkdelphia,"array([-0.19090079, -7.8427704 ])"
83,,1,0.0,0.0,,,1,83,None,"array([-1.78633561, -7.79568005])"
84,United States,1,42.27756,-83.74088,Michigan,,0,84,Ann Arbor,"array([-1.93322666, -7.99225908])"
85,United States,1,42.4762,-83.2428,Michigan,,0,85,Southfield/Detroit,"array([-1.97581212, -7.99828938])"
86,United States,1,38.99895,-84.62661,Kentucky,,0,86,Florence,"array([-1.43223493, -7.66918012])"
87,United States,1,39.08367,-84.50855,Kentucky,,0,87,Covington,"array([-1.45758387, -7.64261476])"
88,United States,1,43.41947,-83.95081,Michigan,,0,88,Saginaw,"array([-2.07722182, -8.00802595])"
89,United States,1,43.59447,-83.88886,Michigan,,0,89,Bay City,"array([-2.14649994, -8.21262643])"
90,United States,1,42.63892,-83.29105,Michigan,,0,90,Pontiac,"array([-2.01403217, -8.00246965])"
91,United States,1,43.01253,-83.68746,Michigan,,0,91,Flint,"array([-2.04830346, -8.00558624])"
92,United States,1,39.43534,-84.20299,Ohio,,0,92,Lebanon,"array([-1.59230442, -7.71267244])"
93,United States,1,39.162,-84.45689,Ohio,,0,93,Hamilton,"array([-1.48215511, -7.74036907])"
94,United States,1,43.61558,-84.24721,Michigan,,0,94,Midland,"array([-2.11712981, -8.21809004])"
95,United States,1,39.507,-84.74523,Ohio,,0,95,Oxford,"array([-1.47784125, -7.78656484])"
96,United States,1,39.30005,-85.22218,Indiana,,0,96,Batesville,"array([-1.44406944, -7.78551222])"
97,United States,1,39.33727,-85.48358,Indiana,,0,97,Greensburg,"array([-1.43033023, -7.84930249])"
98,United States,1,39.162,-84.45689,Ohio,,0,98,Cincinnati,"array([-1.46257482, -7.72198788])"
99,United States,1,39.25617,-84.418,Ohio,,0,99,Evendale,"array([-1.52158278, -7.70858194])"
100,United States,1,43.15357,-93.20104,,,0,100,Mason City,"array([-1.92150679, -8.88089827])"
101,United States,1,45.12191,-95.04334,Minnesota,,0,101,Willmar,"array([-2.13757116, -9.10273453])"
102,United States,1,45.30108,-94.94418,Minnesota,,0,102,New London,"array([-2.1068682, -9.1228859])"
103,United States,1,42.03471,-93.61994,,,0,103,Ames,"array([-1.87931055, -8.83366478])"
104,United States,1,43.61996,-95.5964,Minnesota,,0,104,Worthington,"array([-2.04504871, -8.94250943])"
105,United States,1,43.65218,-94.46108,Minnesota,,0,105,Fairmont,"array([-2.00343009, -8.93602102])"
106,United States,1,43.64801,-93.36827,Minnesota,,0,106,Albert Lea,"array([-1.95823653, -8.93294436])"
107,United States,1,43.66663,-92.97464,Minnesota,,0,107,Austin,"array([-1.93132697, -8.93359243])"
108,United States,1,41.60054,-93.60911,,,0,108,Des Moines,"array([-1.83270732, -8.79066604])"
109,United States,1,41.69971,-93.04798,,,0,109,Newton,"array([-1.78173124, -8.75061248])"
110,United States,1,40.46031,-88.09532,Illinois,,0,110,Paxton,"array([-1.50503438, -8.37874953])"
111,United States,1,40.03118,-81.58846,Ohio,,0,111,Cambridge,"array([-1.91375944, -7.57915856])"
112,United States,1,35.94896,-85.0269,Tennessee,,0,112,Crossville,"array([-0.9577176 , -7.15185762])"
113,United States,1,36.1296,-77.42025,North Carolina,,0,113,Scotland Neck,"array([-1.62064215, -6.79733193])"
114,United States,1,35.99849,-76.94606,North Carolina,,0,114,Windsor,"array([-1.69507928, -6.82822423])"
115,United States,1,36.46154,-77.65415,North Carolina,,0,115,Ronoake Rapids,"array([-1.67478388, -6.86574719])"
116,United States,1,38.91084,-94.38217,Missouri,,0,116,Lees Summit,"array([-0.77856401, -8.40224107])"
117,United States,1,38.76279,-93.73605,Missouri,,0,117,Warrensburg,"array([-0.81303779, -8.41725701])"
118,United States,1,38.65334,-94.34884,Missouri,,0,118,Harrisonville,"array([-0.72838784, -8.35010218])"
119,United States,1,39.09973,-94.57857,Missouri,,0,119,Kansas City,"array([-0.74974934, -8.37968949])"
120,United States,1,38.95171,-92.33407,Missouri,,0,120,Columbia,"array([-0.93452758, -8.42437125])"
121,United States,1,38.5767,-92.17352,Missouri,,0,121,Jefferson City,"array([-0.97953861, -8.41800597])"
122,United States,1,31.50905,-87.89444,Alabama,4069458,0,122,Jackson,"array([-0.22000731, -7.0740544 ])"
123,United States,1,31.26628,-88.03139,Alabama,,0,123,McIntosh,"array([-0.19603865, -7.04569454])"
124,United States,1,31.4335,-86.95692,Alabama,,0,124,Evergreen,"array([-0.25327756, -7.04816344])"
125,United States,1,31.91349,-87.73584,Alabama,,0,125,Thomasville,"array([-0.25506135, -7.09350163])"
126,United States,1,31.22323,-85.39049,Alabama,,0,126,Dothan,"array([-0.34491889, -6.83892526])"
127,United States,1,31.87265,-86.99109,Alabama,,0,127,Pine Apple,"array([-0.29917915, -6.98363351])"
128,United States,1,31.80877,-85.96995,Alabama,,0,128,Troy,"array([-0.36284147, -6.92748096])"
129,United States,1,31.31517,-85.85522,Alabama,,0,129,Enteprise,"array([-0.35271873, -6.88125011])"
130,United States,1,32.83874,-86.62943,Alabama,,0,130,Clanton,"array([-0.35259993, -7.01414767])"
131,United States,1,32.36681,-86.29997,Alabama,,0,131,Montgomery,"array([-0.34671872, -6.97662485])"
132,United States,1,40.34093,-76.41135,Pennsylvania,,0,132,Lebanon,"array([-2.10166875, -7.15061862])"
133,United States,1,35.72127,-77.91554,North Carolina,,0,133,Wilson,"array([-1.53954535, -6.75505012])"
134,United States,1,39.74595,-75.54659,,,0,134,Wilmington,"array([-2.05050144, -7.01171064])"
135,United States,1,35.93821,-77.79053,North Carolina,,0,135,Rocky Mt,"array([-1.58066371, -6.77352534])"
136,United States,1,39.60678,-75.83327,,,0,136,Elktor,"array([-2.00894832, -6.99964271])"
137,,1,0.0,0.0,,,1,137,None,"array([-1.78676626, -7.71770566])"
138,United States,1,40.28927,-75.26101,Pennsylvania,,0,138,Line Lexington,"array([-2.11116364, -7.01524276])"
139,United States,1,39.95234,-75.16379,Pennsylvania,,0,139,Philadelphia,"array([-2.08699475, -7.03286413])"
140,United States,1,30.08605,-94.10185,Texas,,0,140,Beaumont,"array([ 0.11513024, -7.52753533])"
141,United States,1,30.36576,-88.55613,,,0,141,Pascagoula,"array([-0.15338667, -7.03057685])"
142,United States,1,30.39603,-88.88531,,,0,142,Biloxi,"array([-0.13207233, -7.08353398])"
143,United States,1,33.27817,-86.35498,Alabama,,0,143,Childersburg,"array([-0.39249077, -7.05604557])"
144,United States,1,34.01426,-86.00664,Alabama,,0,144,Gadsden,"array([-0.44350953, -7.13787691])"
145,United States,1,41.76058,-88.32007,Illinois,,0,145,Aurora,"array([-1.71334607, -8.55188225])"
146,United States,1,38.41088,-87.76142,Illinois,,0,146,Mt Carmel,"array([-1.18457553, -8.65127105])"
147,United States,1,38.52005,-89.98399,Illinois,,0,147,Belleville,"array([-1.11627821, -8.46816428])"
148,United States,1,33.629,-91.79096,Arkansas,,0,148,Monticello,"array([-0.25808806, -7.65069837])"
149,United States,1,43.53248,-90.00263,Wisconsin,,0,149,Reedburg,"array([-1.76553009, -8.91090969])"
150,United States,1,44.56247,-92.5338,Minnesota,,0,150,Red Wing,"array([-1.9178881 , -9.02441282])"
151,United States,1,36.94845,-81.08481,Virginia,,0,151,Wytheville,"array([-1.58044643, -7.13300156])"
152,United States,1,37.12985,-80.40894,Virginia,,0,152,Christiansburg,"array([-1.63342499, -7.13937665])"
153,United States,1,37.27097,-79.94143,Virginia,,0,153,Roanoke,"array([-1.68201487, -7.1522673 ])"
154,United States,1,37.36818,-80.86425,,,0,154,Glen Lyn,"array([-1.65813363, -7.21352096])"
155,United States,1,36.62403,-78.55694,Virginia,,0,155,Clarksville,"array([-1.68518318, -6.97668695])"
156,United States,1,36.69875,-78.9014,Virginia,,0,156,South Boston,"array([-1.65523034, -7.01049382])"
157,United States,1,36.58597,-79.39502,Virginia,,0,157,Danville,"array([-1.62837179, -7.04703602])"
158,United States,1,36.69153,-79.87254,Virginia,,0,158,Martinsville,"array([-1.60311349, -7.08779935])"
159,United States,1,37.3021,-78.39194,Virginia,,0,159,Farmville,"array([-1.74673151, -7.05612145])"
160,United States,1,37.04043,-78.48333,Virginia,,0,160,Keysville,"array([-1.75771337, -7.00763165])"
161,United States,1,38.9231,-86.72972,Indiana,,0,161,Owensburg,"array([-1.2658818 , -7.87767301])"
162,United States,1,39.16532,-86.52639,Indiana,,0,162,Bloomington,"array([-1.32801691, -7.9094745 ])"
163,United States,1,37.98116,-88.32921,Illinois,,0,163,Norris City,"array([-1.08617216, -8.68580718])"
164,United States,1,38.35532,-87.56752,Indiana,,0,164,Princeton,"array([-1.08703693, -7.71739957])"
165,United States,1,38.33866,-87.34501,Indiana,,0,165,Oakland City,"array([-1.12846346, -7.73247999])"
166,United States,1,38.49199,-87.27862,Indiana,,0,166,Petersburg,"array([-1.14543843, -7.76874717])"
167,United States,1,38.65922,-87.17279,Indiana,,0,167,Washington,"array([-1.16076064, -7.80184746])"
168,United States,1,38.67727,-87.52863,Indiana,,0,168,Vincennes,"array([-1.11730319, -7.76345012])"
169,United States,1,38.72921,-87.68169,Illinois,,0,169,Lawrenceville,"array([-1.25141271, -8.54252196])"
170,United States,1,38.89116,-86.90389,Indiana,,0,170,Crane,"array([-1.24570699, -7.86187111])"
171,United States,1,41.37477,-83.65132,Ohio,,0,171,Bowling Green,"array([-1.86463955, -7.944688  ])"
172,United States,1,41.67338,-84.32689,Ohio,,0,172,Fayette,"array([-1.93115039, -7.95042185])"
173,United States,1,40.74255,-84.10523,Ohio,,0,173,Lima,"array([-1.78112935, -7.95264492])"
174,United States,1,41.04422,-83.64993,Ohio,,0,174,Findlay,"array([-1.82282361, -7.94605779])"
175,United States,1,41.36699,-85.05886,Indiana,,0,175,Auburn,"array([-1.75674281, -8.01327551])"
176,United States,1,40.8306,-84.92913,Indiana,,0,176,Decatur,"array([-1.72001299, -8.02629671])"
177,United States,1,41.82977,-86.25418,Michigan,,0,177,Niles,"array([-1.82833223, -8.25231323])"
178,United States,1,42.11671,-86.45419,Michigan,,0,178,Benton Harbor,"array([-1.87253387, -8.2556277 ])"
179,United States,1,37.67427,-82.27736,,,0,179,Williamson,"array([-1.55975558, -7.38279889])"
180,United States,1,37.84871,-81.99346,,,0,180,Logan,"array([-1.6004149 , -7.38106807])"
181,United States,1,38.06705,-81.81929,,,0,181,Madison,"array([-1.63896122, -7.37685575])"
182,United States,1,38.34982,-81.63262,,,0,182,Charleston,"array([-1.6746373 , -7.37458837])"
183,United States,1,38.41925,-82.44515,,,0,183,Huntington,"array([-1.65980928, -7.43767791])"
184,United States,1,38.47841,-82.63794,Kentucky,,0,184,Ashland,"array([-1.64376888, -7.50029101])"
185,United States,1,38.64119,-83.74436,Kentucky,,0,185,Maysville,"array([-1.54480554, -7.557823  ])"
186,United States,1,38.18397,-83.43268,Kentucky,,0,186,Morehead,"array([-1.58475715, -7.51942254])"
187,United States,1,43.775,-88.43883,Wisconsin,,0,187,Fond Du Lac,"array([-1.68102394, -8.9773739 ])"
188,United States,1,44.02471,-88.54261,Wisconsin,,0,188,Oshkosh,"array([-1.68993109, -9.01487069])"
189,United States,1,40.2737,-76.88442,Pennsylvania,,0,189,Harrisburg,"array([-2.08455418, -7.18918186])"
190,United States,1,40.47786,-77.13054,Pennsylvania,,0,190,Newport,"array([-2.0968995, -7.240855 ])"
191,United States,1,40.59924,-77.57138,Pennsylvania,,0,191,Lewistown,"array([-2.10485089, -7.29303849])"
192,United States,1,40.38452,-77.88222,Pennsylvania,,0,192,Mount Union,"array([-2.10826966, -7.34557261])"
193,United States,1,44.18582,-88.46261,Wisconsin,,0,193,Neenah,"array([-1.69863909, -9.04954621])"
194,United States,1,40.66812,-79.0117,Pennsylvania,,0,194,Clymer,"array([-2.12544949, -7.48692539])"
195,United States,1,41.68338,-86.25001,Indiana,,0,195,South Bend,"array([-1.73504481, -8.22781809])"
196,United States,1,41.68199,-85.97667,Indiana,,0,196,Elkhart,"array([-1.79951368, -8.09891291])"
197,United States,1,40.44062,-79.99589,Pennsylvania,,0,197,Pittsburgh,"array([-2.0493571 , -7.53673354])"
198,United States,1,41.66199,-86.15862,Indiana,,0,198,Mishiwaka,"array([-1.7690554, -8.1642631])"
199,,1,0.0,0.0,,,1,199,None,"array([-1.63140019, -8.53921616])"
200,United States,1,39.42783,-86.42833,Indiana,,0,200,Martinsville,"array([-1.3811627 , -7.95512703])"
201,United States,1,39.52144,-85.77692,Indiana,,0,201,Shelbyville,"array([-1.41770083, -7.91334514])"
202,United States,1,39.61366,-86.10665,Indiana,,0,202,Greenwood,"array([-1.40789856, -7.99477975])"
203,United States,1,39.48061,-86.05499,Indiana,,0,203,Franklin,"array([-1.38308805, -7.98240502])"
204,United States,1,40.10532,-85.68025,Indiana,,0,204,Anderson,"array([-1.50086104, -7.98271324])"
205,United States,1,40.19338,-85.38636,Indiana,,0,205,Muncie,"array([-1.55952885, -8.03162223])"
206,United States,1,39.60921,-85.44636,Indiana,,0,206,Rushville,"array([-1.45454511, -7.91627548])"
207,United States,1,39.92894,-85.37025,Indiana,,0,207,New Castle,"array([-1.48889518, -7.91662982])"
208,United States,1,39.64116,-85.14107,Indiana,,0,208,Connersville,"array([-1.47313904, -7.93219655])"
209,United States,1,39.82894,-84.89024,Indiana,,0,209,Richmond,"array([-1.48582784, -7.85150145])"
210,,1,0.0,0.0,,,1,210,None,"array([-0.97910491, -7.44151709])"
211,United States,1,41.78864,-89.69622,Illinois,,0,211,Sterling,"array([-1.60510819, -8.58530436])"
212,United States,1,30.63269,-97.67723,Texas,,0,212,Georgetown,"array([ 0.20956904, -7.77380816])"
213,United States,1,31.09823,-97.34278,Texas,,0,213,Temple,"array([ 0.17519459, -7.79085426])"
214,United States,1,42.50056,-90.66457,,,0,214,Dubuque,"array([-1.58691405, -8.66039722])"
215,United States,1,32.66319,-95.48829,Texas,,0,215,Mineola,"array([-0.02704109, -7.82726895])"
216,United States,1,32.73596,-96.27526,Texas,,0,216,Terrell,"array([ 0.01190382, -7.81689229])"
217,United States,1,33.42512,-94.04769,Texas,,0,217,Texarkana,"array([-0.10684345, -7.84102121])"
218,United States,1,33.11374,-94.16435,Texas,,0,218,Atlanta,"array([-0.06672565, -7.83552067])"
219,United States,1,32.72541,-97.32085,Texas,,0,219,Fort Worth,"array([ 0.03793792, -7.8547959 ])"
220,United States,1,33.21484,-97.13307,Texas,,0,220,Denton,"array([ 0.01865842, -7.89737845])"
221,United States,1,31.54933,-97.14667,Texas,,0,221,Waco,"array([ 0.13690176, -7.80121052])"
222,United States,1,32.38653,-96.84833,Texas,,0,222,Waxahachie,"array([ 0.09494119, -7.80612485])"
223,United States,1,36.302,-88.32671,Tennessee,,0,223,Paris,"array([-0.77496261, -7.50134676])"
224,United States,1,36.61033,-88.31476,Kentucky,,0,224,Murray,"array([-0.80597468, -7.52541794])"
225,United States,1,35.91979,-88.75895,Tennessee,,0,225,Milan,"array([-0.70763581, -7.46972267])"
226,United States,1,36.3434,-88.85034,Tennessee,,0,226,Martin,"array([-0.73495044, -7.51765936])"
227,United States,1,36.03452,-89.38563,Tennessee,,0,227,Dyersburg,"array([-0.67220436, -7.54222746])"
228,United States,1,35.61452,-88.81395,Tennessee,,0,228,Jackson,"array([-0.67735568, -7.46015657])"
229,United States,1,37.15117,-88.732,Illinois,,0,229,Metropolis,"array([-0.88099668, -7.59980923])"
230,United States,1,37.08339,-88.60005,Kentucky,,0,230,Paducah,"array([-0.86563178, -7.57608659])"
231,United States,1,36.42423,-89.05701,Tennessee,,0,231,Union City,"array([-0.73362733, -7.55375165])"
232,United States,1,37.00533,-89.17646,Illinois,,0,232,Cairo,"array([-0.76889344, -7.61163573])"
233,United States,1,35.14953,-90.04898,Tennessee,,0,233,Memphis,"array([-0.55228643, -7.50970942])"
234,United States,1,35.56425,-89.64647,Tennessee,,0,234,Covington,"array([-0.61189232, -7.52754256])"
235,United States,1,41.12003,-87.86115,Illinois,,0,235,Kankakee,"array([-1.56610913, -8.39379191])"
236,United States,1,41.33337,-89.09175,Illinois,,0,236,La Salle,"array([-1.57984137, -8.47026296])"
237,United States,1,38.45005,-91.00848,Missouri,,0,237,Union,"array([-1.02570425, -8.40995609])"
238,United States,1,38.62727,-90.19789,Missouri,,0,238,St Louis,"array([-1.08178266, -8.42650789])"
239,United States,1,41.52503,-88.08173,Illinois,,0,239,Joliet,"array([-1.60312412, -8.43822725])"
240,United States,1,41.59337,-87.34643,Indiana,,0,240,Gary?,"array([-1.59902868, -8.26581748])"
241,United States,1,41.92947,-88.75036,Illinois,,0,241,De Kalb,"array([-1.70885013, -8.58692011])"
242,United States,1,41.83281,-87.92895,Illinois,,0,242,Oak Brook,"array([-1.61349261, -8.33809425])"
243,United States,1,41.59337,-87.34643,Indiana,,0,243,Gary?,"array([-1.64472993, -8.25595154])"
244,United States,1,41.47309,-87.06114,Indiana,,0,244,Valparaiso,"array([-1.70329429, -8.2914782 ])"
245,United States,1,37.08423,-94.51328,Missouri,,0,245,Joplin,"array([-0.71332046, -8.2795202 ])"
246,United States,1,41.70754,-86.89503,Indiana,,0,246,Michigan City,"array([-1.69028789, -8.24348531])"
247,United States,1,39.70421,-86.39944,Indiana,,0,247,Plainfield,"array([-1.41803942, -8.05676738])"
248,United States,1,40.79895,-81.37845,Ohio,,0,248,Canton,"array([-2.13504957, -7.72537021])"
249,United States,1,36.99588,-85.91192,Kentucky,,0,249,Glasgow,"array([-1.00761325, -7.44580875])"
250,United States,1,36.99032,-86.4436,Kentucky,,0,250,Bowling Green,"array([-0.92654761, -7.42028506])"
251,United States,1,36.84314,-83.32185,Kentucky,,0,251,Harlan,"array([-1.4903856 , -7.29942167])"
252,United States,1,36.76203,-83.69492,Kentucky,,0,252,Pineville,"array([-1.47308041, -7.26404815])"
253,United States,1,36.72226,-86.57722,Kentucky,4292193,0,253,Franklin,"array([-0.8742783 , -7.37092762])"
254,United States,1,36.60842,-83.71658,Kentucky,,0,254,Middlesboro,"array([-1.49574404, -7.24678703])"
255,United States,1,37.12898,-84.08326,Kentucky,,0,255,London,"array([-1.41519396, -7.34681535])"
256,United States,1,36.9487,-84.09688,Kentucky,,0,256,Corbin,"array([-1.42021244, -7.30076856])"
257,United States,1,36.74342,-84.15966,Kentucky,,0,257,Williamsburg,"array([-1.46452496, -7.23590074])"
258,United States,1,37.09202,-84.60411,Kentucky,,0,258,Somerset,"array([-1.42164928, -7.3935269 ])"
259,United States,1,38.73589,-85.37996,Indiana,,0,259,Madison,"array([-1.31754017, -7.83407932])"
260,United States,1,43.47109,-89.74429,Wisconsin,,0,260,Baraboo,"array([-1.74067303, -8.92453046])"
261,United States,1,43.62748,-89.77096,Wisconsin,,0,261,Wisconsin Dells,"array([-1.78543057, -8.90589761])"
262,United States,1,37.26984,-81.22232,,,0,262,Bluefield,"array([-1.61258868, -7.17387656])"
263,United States,1,36.27404,-77.28441,North Carolina,,0,263,Rich Square,"array([-1.65874584, -6.82617449])"
264,United States,1,35.99403,-78.89862,North Carolina,,0,264,Durham,"array([-1.45288296, -6.73448749])"
265,United States,1,35.7721,-78.63861,North Carolina,,0,265,Raleigh,"array([-1.49659372, -6.7420041 ])"
266,United States,1,35.84562,-86.39027,Tennessee,,0,266,Murfreesboro,"array([-0.80679595, -7.26806344])"
267,United States,1,37.99672,-88.92007,Illinois,,0,267,Benton,"array([-1.1196326 , -8.58723649])"
268,,1,0.0,0.0,,,1,268,None,"array([-0.7915144 , -7.21254134])"
269,,1,0.0,0.0,,,1,269,None,"array([-0.71541414, -7.26428199])"
270,United States,1,36.07264,-79.79198,North Carolina,,0,270,Greensboro,"array([-1.36305022, -6.73531293])"
271,United States,1,36.09569,-79.4378,North Carolina,,0,271,Burlington,"array([-1.40825493, -6.73217735])"
272,United States,1,45.63662,-89.41208,Wisconsin,,0,272,Rhinelander,"array([-1.7315355 , -9.24731346])"
273,United States,1,39.61115,-87.69614,Illinois,,0,273,Paris,"array([-1.37260312, -8.29825443])"
274,United States,1,34.79981,-87.67725,Alabama,,0,274,Florence,"array([-0.58460243, -7.15415276])"
275,United States,1,34.50787,-87.72864,Alabama,,0,275,Russellville,"array([-0.55990634, -7.12540307])"
276,United States,1,34.35815,-86.2947,Alabama,,0,276,Guntersville,"array([-0.48282911, -7.18230617])"
277,United States,1,34.26759,-86.20887,Alabama,,0,277,Albertville,"array([-0.45963657, -7.16363253])"
278,United States,1,35.15952,-84.87661,Tennessee,,0,278,Cleveland,"array([-0.82607695, -7.0517276 ])"
279,United States,1,35.44285,-84.59299,Tennessee,,0,279,Athens,"array([-0.90530348, -7.09020896])"
280,United States,1,34.82564,-87.29474,Alabama,,0,280,Rogersville,"array([-0.57077196, -7.19659671])"
281,United States,1,34.86286,-87.53753,Alabama,,0,281,Killen,"array([-0.60138934, -7.19061502])"
282,United States,1,34.73037,-86.5861,Alabama,,0,282,Huntsville,"array([-0.51016388, -7.19327327])"
283,United States,1,34.80287,-86.97167,Alabama,,0,283,Athens,"array([-0.53992639, -7.19770876])"
284,United States,1,44.76774,-93.27772,Minnesota,,0,284,Burnsville,"array([-1.96754103, -9.04729755])"
285,United States,1,41.82727,-86.36112,Michigan,,0,285,Buchanan,"array([-1.78259204, -8.24283054])"
286,United States,1,37.55315,-83.38351,Kentucky,,0,286,Jackson,"array([-1.619207  , -7.28436648])"
287,United States,1,37.81454,-82.80711,Kentucky,,0,287,Paintsville,"array([-1.56956355, -7.31884647])"
288,United States,1,37.56869,-84.29632,Kentucky,,0,288,Berea,"array([-1.43644355, -7.43870817])"
289,United States,1,37.84564,-83.85825,Kentucky,,0,289,Stanton,"array([-1.59870257, -7.30234318])"
290,United States,1,37.64563,-84.77217,Kentucky,,0,290,Danville,"array([-1.42606041, -7.51547786])"
291,United States,1,37.91674,-84.85773,Kentucky,,0,291,Salvisa,"array([-1.4056307 , -7.49790034])"
292,United States,1,38.05647,-83.94326,Kentucky,,0,292,Mt Sterling,"array([-1.52475229, -7.54001222])"
293,United States,1,37.74786,-84.29465,Kentucky,,0,293,Richmond,"array([-1.45577115, -7.48310845])"
294,United States,1,37.66565,-82.77155,Kentucky,,0,294,Prestonburg,"array([-1.54461361, -7.34710977])"
295,United States,1,38.11425,-82.60321,Kentucky,,0,295,Louisa,"array([-1.56483515, -7.29150312])"
296,,1,0.0,0.0,,,1,296,None,"array([-1.06639903, -7.50847796])"
297,United States,1,36.38284,-90.19065,Arkansas,,0,297,Piggott,"array([-0.58964062, -7.61975254])"
298,United States,1,36.0584,-90.49733,Arkansas,,0,298,Paragould,"array([-0.57215981, -7.5869167 ])"
299,United States,1,30.83051,-82.00984,Georgia,,0,299,Folkston,"array([-0.75600405, -6.61382725])"
300,United States,1,43.59781,-84.76751,Michigan,,0,300,Mount Pleasant,"array([-2.08332454, -8.22945254])"
301,United States,1,43.41974,-85.80005,Michigan,,0,301,Newaygo,"array([-2.03926002, -8.22348599])"
302,United States,1,35.8423,-90.70428,Arkansas,,0,302,Jonesboro,"array([-0.55973863, -7.549737  ])"
303,United States,1,43.69808,-85.48366,Michigan,,0,303,Big Rapids,"array([-2.10190406, -8.25824608])"
304,United States,1,44.6614,-84.71475,Michigan,,0,304,Grayling,"array([-2.1033552 , -8.31443617])"
305,United States,1,44.25195,-85.40116,Michigan,,0,305,Cadillac,"array([-2.10474363, -8.28896903])"
306,United States,1,43.95528,-86.45258,Michigan,,0,306,Ludington,"array([-2.0185516 , -8.25537683])"
307,United States,1,44.24445,-86.32425,Michigan,,0,307,Manistee,"array([-2.04719004, -8.28173779])"
308,United States,1,42.69807,-87.89452,Wisconsin,,0,308,Sturtevant,"array([-1.61913061, -8.80806362])"
309,United States,1,42.50835,-89.03178,Wisconsin,,0,309,Beloit,"array([-1.71269   , -8.68326975])"
310,United States,1,44.52358,-89.57456,Wisconsin,,0,310,Stevens Point,"array([-1.80119694, -9.17326158])"
311,United States,1,44.95914,-89.63012,Wisconsin,,0,311,Wausau,"array([-1.74794298, -9.17304487])"
312,United States,1,43.1836,-89.21373,Wisconsin,,0,312,Sun Prarie,"array([-1.7163044 , -8.90994103])"
313,United States,1,44.66885,-90.1718,Wisconsin,,0,313,Marshfield,"array([-1.8532677 , -9.16963256])"
314,United States,1,42.6039,-89.07122,Wisconsin,,0,314,Afton,"array([-1.74935298, -8.81783555])"
315,United States,1,43.07305,-89.40123,Wisconsin,,0,315,Madison,"array([-1.72524516, -8.86631891])"
316,United States,1,42.68279,-89.01872,Wisconsin,,0,316,Janesville,"array([-1.73113896, -8.75154805])"
317,United States,1,43.00556,-88.80733,Wisconsin,,0,317,Jefferson,"array([-1.68767185, -8.88070249])"
318,United States,1,38.94814,-81.76096,,,0,318,Ravenswood,"array([-1.71206833, -7.4198827 ])"
319,United States,1,37.77817,-81.18816,,,0,319,Beckley,"array([-1.6695546 , -7.29325569])"
320,United States,1,39.84031,-88.9548,Illinois,,0,320,Decatur,"array([-1.4072447 , -8.40363734])"
321,United States,1,42.73416,-90.47846,Wisconsin,,0,321,Platteville,"array([-1.7929316 , -8.85634904])"
322,United States,1,30.47547,-90.10091,Louisiana,,0,322,Covington,"array([-0.11351284, -7.24924766])"
323,United States,1,30.27519,-89.78117,Louisiana,,0,323,Slidell,"array([-0.11370064, -7.1932475 ])"
324,United States,1,31.33824,-94.7291,Texas,,0,324,Lufkin,"array([ 0.10397584, -7.60318759])"
325,United States,1,31.60351,-94.65549,Texas,,0,325,Nacagdoches,"array([ 0.08920867, -7.63893887])"
326,United States,1,31.96378,-95.2705,Texas,,0,326,Jacksonville,"array([ 0.06804592, -7.67170948])"
327,United States,1,32.35126,-95.30106,Texas,,0,327,Tyler,"array([ 0.04059466, -7.70045458])"
328,United States,1,32.5007,-94.74049,Texas,,0,328,Longview,"array([ 0.01090231, -7.66105563])"
329,United States,1,32.54487,-94.36742,Texas,,0,329,Marshall,"array([-0.0180674 , -7.62061065])"
330,United States,1,30.88296,-87.77305,Alabama,,0,330,Bay Minette,"array([-0.22226254, -6.98781884])"
331,United States,1,31.09073,-88.22806,Alabama,,0,331,Citronelle,"array([-0.1839523 , -7.01292457])"
332,United States,1,30.76213,-86.57051,Florida,,0,332,Crestview,"array([-0.25019151, -6.8790082 ])"
333,United States,1,30.69436,-88.04305,Alabama,,0,333,Mobile,"array([-0.18800583, -6.98193706])"
334,United States,1,30.15946,-85.65983,Florida,,0,334,Panama City,"array([-0.32226755, -6.77426682])"
335,United States,1,30.72102,-86.11522,Florida,,0,335,De Funiak Springs,"array([-0.29109636, -6.83623192])"
336,United States,1,30.36742,-89.09282,,,0,336,Gulfport,"array([-0.11958132, -7.13778395])"
337,United States,1,30.77436,-85.22687,Florida,,0,337,Marianna,"array([-0.38513303, -6.75458546])"
338,,1,0.0,0.0,,,1,338,None,"array([-1.69076087, -8.05060779])"
339,,1,0.0,0.0,,,1,339,None,"array([-1.34542531, -7.69229533])"
340,United States,1,37.71041,-76.37967,Virginia,,0,340,Kilmarnock,"array([-1.91960412, -6.88569848])"
341,United States,1,33.66706,-93.59157,Arkansas,,0,341,Hope,"array([-0.14842197, -7.84351271])"
342,United States,1,44.52358,-89.57456,Wisconsin,,0,342,Portage,"array([-1.75379551, -8.88253809])"
343,,1,0.0,0.0,,,1,343,None,"array([-1.57906589, -7.69685943])"
344,United States,1,43.45777,-88.83733,Wisconsin,,0,344,Beaver Dam,"array([-1.69940072, -8.94602047])"
345,,1,0.0,0.0,,,1,345,None,"array([-0.85071688, -7.07680033])"
346,United States,1,40.51868,-78.39474,Pennsylvania,,0,346,Altoona,"array([-2.10756835, -7.39900344])"
347,,1,0.0,0.0,,,1,347,None,"array([-1.2120206 , -7.06779473])"
348,United States,1,44.26193,-88.41538,Wisconsin,,0,348,Appleton,"array([-1.7051772 , -9.08288294])"
349,United States,1,32.77152,-89.11673,Mississippi,,0,349,Philadelphia,"array([-0.36309196, -7.30297254])"
350,United States,1,36.68598,-77.54248,Virginia,,0,350,Emporia,"array([-1.69511872, -6.9050997 ])"
351,United States,1,36.90094,-82.08013,Virginia,,0,351,Lebanon,"array([-1.54052733, -7.14811188])"
352,United States,1,37.09317,-81.79373,Virginia,,0,352,Richlands,"array([-1.57593962, -7.16338903])"
353,United States,1,35.74541,-81.68482,North Carolina,,0,353,Morganton,"array([-1.25543906, -6.88396169])"
354,United States,1,36.70983,-81.97735,Virginia,,0,354,Abingdon,"array([-1.50526804, -7.13887971])"
355,United States,1,36.2168,-81.67455,North Carolina,,0,355,Boone,"array([-1.27800491, -6.99883339])"
356,United States,1,35.91402,-81.53898,North Carolina,,0,356,Lenoir,"array([-1.26752095, -6.94049121])"
357,United States,1,36.54843,-82.56182,Tennessee,,0,357,Kingsport,"array([-1.35896938, -7.09550336])"
358,United States,1,36.59511,-82.18874,Tennessee,,0,358,Bristol,"array([-1.43150039, -7.1344729 ])"
359,United States,1,36.16316,-82.83099,Tennessee,,0,359,Greenville,"array([-1.17915488, -7.0719906 ])"
360,United States,1,36.31344,-82.35347,Tennessee,,0,360,Johnson City,"array([-1.28620666, -7.05854935])"
361,United States,1,37.81366,-88.4381,Illinois,,0,361,Eldorado,"array([-1.0558925 , -8.68625467])"
362,United States,1,37.73838,-88.54061,Illinois,,0,362,Harrisburg,"array([-1.04190505, -8.65860152])"
363,United States,1,43.1789,-88.11731,Wisconsin,,0,363,Menomonee,"array([-1.65209913, -8.95692205])"
364,United States,1,37.91366,-89.82205,Illinois,,0,364,Chester,"array([-1.0161876 , -8.49005548])"
365,United States,1,38.25005,-89.7501,Illinois,,0,365,Marissa,"array([-1.07616342, -8.49644548])"
366,United States,1,38.12311,-89.70177,Illinois,,0,366,Sparta,"array([-1.04434661, -8.49067696])"
367,United States,1,40.17396,-80.24617,Pennsylvania,,0,367,Washington,"array([-2.00406651, -7.54733845])"
368,United States,1,37.89783,-88.93146,Illinois,,0,368,West Frankfort,"array([-1.08218868, -8.60530038])"
369,United States,1,37.73061,-88.93313,Illinois,,0,369,Marion,"array([-1.04821441, -8.6234943 ])"
370,United States,1,37.72727,-89.21675,Illinois,,0,370,Carbondale,"array([-1.02611714, -8.59777786])"
371,United States,1,37.7645,-89.33509,Illinois,,0,371,Murphysboro,"array([-1.00532161, -8.58276379])"
372,,1,0.0,0.0,,,1,372,None,"array([-1.02428953, -7.4698516 ])"
373,United States,1,41.512,-82.93769,Ohio,,0,373,Port Clinton,"array([-1.94625403, -7.91066767])"
374,United States,1,41.35033,-83.12186,Ohio,,0,374,Fremont,"array([-1.92622618, -7.89875887])"
375,United States,1,41.24255,-82.61573,Ohio,,0,375,Norwalk,"array([-1.95430267, -7.85491036])"
376,United States,1,41.44894,-82.70796,Ohio,,0,376,Sandusky,"array([-1.97493653, -7.86692342])"
377,United States,1,41.36616,-81.8543,Ohio,,0,377,Berea,"array([-1.96602972, -7.75366295])"
378,United States,1,41.42199,-82.36461,Ohio,,0,378,Vermilion,"array([-1.98817614, -7.81755547])"
379,United States,1,40.78756,-82.73657,Ohio,,0,379,Crestline,"array([-1.87535983, -7.71977383])"
380,United States,1,41.08505,-82.39989,Ohio,,0,380,New London,"array([-1.92173812, -7.73580664])"
381,United States,1,40.80506,-81.93514,Ohio,,0,381,Wooster,"array([-2.20618837, -7.73312842])"
382,United States,1,40.75839,-82.51545,Ohio,,0,382,Mansfield,"array([-2.23491696, -7.73568876])"
383,United States,1,41.64172,-85.41665,Indiana,,0,383,LaGrange,"array([-1.81787271, -8.12317534])"
384,United States,1,41.58227,-85.83444,Indiana,,0,384,Goshen,"array([-1.8019867 , -8.06347295])"
385,United States,1,39.29038,-76.61219,Maryland,,0,385,Baltimore,"array([-1.9631811 , -6.99919983])"
386,United States,1,39.64176,-77.71999,Maryland,,0,386,Hagerstown,"array([-2.01164454, -7.13034923])"
387,United States,1,40.33565,-75.92687,Pennsylvania,,0,387,Reading,"array([-2.10826267, -7.11037155])"
388,United States,1,40.24537,-75.64963,Pennsylvania,,0,388,Pottstown,"array([-2.1031047 , -7.07057669])"
389,United States,1,39.93759,-77.6611,Pennsylvania,,0,389,Chambersburg,"array([-2.04838539, -7.16041562])"
390,,1,0.0,0.0,,,1,390,None,"array([-0.55075484, -7.45401999])"
391,,1,0.0,0.0,,,1,391,None,"array([-0.61119589, -7.48035044])"
392,,1,0.0,0.0,,,1,392,None,"array([-1.72106525, -8.18676842])"
393,United States,1,41.44144,-85.26498,Indiana,,0,393,Kendalville,"array([-1.79420788, -8.02876005])"
394,United States,1,41.63477,-84.99941,Indiana,,0,394,Angola,"array([-1.83381929, -8.14583655])"
395,United States,1,30.9038,-84.57547,Georgia,,0,395,Bainbride,"array([-0.46327706, -6.71353725])"
396,United States,1,30.43826,-84.28073,Florida,,0,396,Tallahassee,"array([-0.4344986 , -6.71505541])"
397,United States,1,32.75625,-91.87235,Louisiana,,0,397,Bastrop,"array([-0.20861691, -7.61529459])"
398,United States,1,33.22818,-91.79763,Arkansas,,0,398,Hamburg,"array([-0.22978482, -7.60075494])"
399,United States,1,32.40848,-91.18678,Louisiana,,0,399,Tallulah,"array([-0.23424726, -7.4911227 ])"
400,United States,1,32.35265,-90.87788,Mississippi,,0,400,Vicksburg,"array([-0.26385416, -7.43386937])"
401,United States,1,35.27842,-93.13379,Arkansas,,0,401,Russellville,"array([-0.33885922, -7.91912556])"
402,United States,1,35.47147,-93.46657,Arkansas,,0,402,Clarksville,"array([-0.36083238, -7.9789098 ])"
403,United States,1,41.4995,-81.69541,Ohio,,0,403,Cleveland,"array([-2.00865922, -7.77357046])"
404,United States,1,41.65394,-81.45039,Ohio,,0,404,Eastlake,"array([-2.03494439, -7.72950978])"
405,United States,1,41.23756,-80.81842,Ohio,,0,405,Warren,"array([-2.08774649, -7.6717574 ])"
406,United States,1,41.09978,-80.64952,Ohio,,0,406,Youngstown,"array([-2.07528145, -7.62440806])"
407,United States,1,40.79672,-81.52151,Ohio,,0,407,Massilon,"array([-2.17267541, -7.72993983])"
408,United States,1,39.76838,-86.15804,Indiana,,0,408,Indianapolis,"array([-1.43836109, -7.99382277])"
409,United States,1,41.08144,-81.51901,Ohio,,0,409,Akron,"array([-2.09321764, -7.71811953])"
410,United States,1,32.08354,-81.09983,Georgia,,0,410,Savannah,"array([-0.86658909, -6.62262298])"
411,United States,1,40.27948,-86.51084,Indiana,,0,411,Frankfort,"array([-1.48163278, -8.06213345])"
412,United States,1,40.04837,-86.46917,Indiana,,0,412,Lebanon,"array([-1.47495051, -8.2318399 ])"
413,United States,1,40.04559,-86.0086,Indiana,,0,413,Nobleville?,"array([-1.44929495, -8.01655843])"
414,United States,1,34.60593,-86.98334,Alabama,,0,414,Decatur,"array([-0.52918157, -7.10410268])"
415,United States,1,41.00367,-80.34701,Pennsylvania,,0,415,New Castle,"array([-2.0637368 , -7.57987634])"
416,United States,1,41.86505,-80.78981,Ohio,,0,416,Ashtabula,"array([-2.06517639, -7.68853278])"
417,United States,1,39.64449,-86.86473,Indiana,,0,417,Greencastle,"array([-1.40093429, -8.11713499])"
418,United States,1,39.52365,-87.12502,Indiana,,0,418,Brazil,"array([-1.3871043 , -8.17715776])"
419,United States,1,45.82245,-91.88934,Wisconsin,,0,419,Spooner,"array([-1.94408777, -9.27310749])"
420,United States,1,45.50607,-91.73823,Wisconsin,,0,420,Rice Lake,"array([-1.92653402, -9.24121394])"
421,United States,1,46.72077,-92.10408,Wisconsin,,0,421,Superior,"array([-1.99923018, -9.30024689])"
422,United States,1,46.01301,-91.48462,Wisconsin,,0,422,Hayward,"array([-1.96815363, -9.29565125])"
423,United States,1,45.04357,-92.04101,Wisconsin,,0,423,Boyceville,"array([-1.93052753, -9.12622898])"
424,United States,1,44.97469,-92.75687,Wisconsin,,0,424,Hudson,"array([-1.94527637, -9.14226392])"
425,United States,1,44.93691,-91.39293,Wisconsin,,0,425,Chippenwa Falls,"array([-1.91411942, -9.20435221])"
426,United States,1,44.81135,-91.49849,Wisconsin,,0,426,Eau Claire,"array([-1.90627781, -9.16197258])"
427,United States,1,44.94441,-93.09327,Minnesota,,0,427,St Paul,"array([-1.9458207 , -9.06211491])"
428,United States,1,44.97997,-93.26384,Minnesota,,0,428,Minneapolis,"array([-1.967653  , -9.10226488])"
429,United States,1,30.50436,-90.4612,Louisiana,,0,429,Hammond,"array([-0.11909716, -7.3060746 ])"
430,United States,1,29.95465,-90.07507,Louisiana,,0,430,New Orleans,"array([-0.07491892, -7.34427479])"
431,United States,1,30.93824,-90.50898,Louisiana,,0,431,Kentwood,"array([-0.17495928, -7.32326131])"
432,United States,1,31.24379,-90.45315,Mississippi,,0,432,McComb,"array([-0.23309675, -7.34036407])"
433,United States,1,31.57906,-90.44065,Mississippi,,0,433,Brookhaven,"array([-0.25797216, -7.36107914])"
434,United States,1,32.29876,-90.18481,Mississippi,,0,434,Jackson,"array([-0.31599669, -7.40182088])"
435,United States,1,31.98738,-90.35704,Mississippi,,0,435,Crystal Springs,"array([-0.28593878, -7.38336307])"
436,United States,1,31.69405,-89.13061,Mississippi,,0,436,Laurel,"array([-0.31325242, -7.26605439])"
437,United States,1,31.32712,-89.29034,Mississippi,,0,437,Hattiesburg,"array([-0.28232896, -7.30908847])"
438,United States,1,32.36459,-89.47423,Mississippi,,0,438,Forest,"array([-0.32491639, -7.34209613])"
439,United States,1,44.86136,-92.62381,Wisconsin,,0,439,River Falls,"array([-1.95968185, -9.16510188])"
440,United States,1,35.38592,-94.39855,Arkansas,,0,440,Fort Smith,"array([-0.38293186, -8.03752811])"
441,United States,1,36.18674,-94.12881,Arkansas,,0,441,Springdale,"array([-0.48815714, -8.12487368])"
442,United States,1,36.06258,-94.15743,Arkansas,,0,442,Fayetteville,"array([-0.43519649, -8.08222814])"
443,United States,1,35.74788,-95.36969,Oklahoma,,0,443,Muskogee,"array([-0.33514811, -8.0471304 ])"
444,United States,1,36.15398,-95.99278,Oklahoma,,0,444,Tulsa,"array([-0.28802302, -8.05162595])"
445,United States,1,35.70173,-96.88086,Oklahoma,,0,445,Chandler,"array([-0.24112469, -8.05074013])"
446,United States,1,35.46756,-97.51643,Oklahoma,,0,446,Oklahoma City,"array([-0.19573268, -8.04504959])"
447,United States,1,35.22257,-97.43948,Oklahoma,,0,447,Norman,"array([-0.1524495 , -8.03421297])"
448,United States,1,35.05256,-97.93643,Oklahoma,,0,448,Chickasha,"array([-0.1112136 , -8.01778955])"
449,United States,1,34.60869,-98.39033,Oklahoma,,0,449,Lawton,"array([-0.07240355, -7.99557337])"
450,United States,1,35.59008,-84.24186,Tennessee,,0,450,Vonore,"array([-1.09869389, -7.02345965])"
451,United States,1,36.01036,-84.26964,Tennessee,,0,451,Oak Ridge,"array([-1.01326092, -7.11969683])"
452,United States,1,35.75647,-83.97046,Tennessee,,0,452,Maryville,"array([-1.07116222, -7.03911559])"
453,United States,1,35.60146,-84.46104,Tennessee,,0,453,Sweetwater,"array([-1.12049737, -7.00512577])"
454,United States,1,36.12231,-83.4924,Tennessee,,0,454,Jefferson City,"array([-1.06417922, -6.9611532 ])"
455,United States,1,35.96064,-83.92074,Tennessee,,0,455,Knoxville,"array([-1.06672573, -7.08614982])"
456,United States,1,33.72122,-85.1455,Georgia,,0,456,Bremen,"array([-0.67048511, -6.95347848])"
457,United States,1,35.96704,-83.18766,Tennessee,,0,457,Newport,"array([-1.06198468, -6.90065983])"
458,United States,1,43.80136,-91.23958,Wisconsin,,0,458,La Crosee,"array([-1.83288178, -8.89864739])"
459,United States,1,36.21398,-83.29489,Tennessee,,0,459,Morristown,"array([-1.0629096 , -6.92870958])"
460,United States,1,33.65983,-85.83163,Alabama,,0,460,Anniston,"array([-0.43247226, -7.10762559])"
461,United States,1,32.94401,-85.95385,Alabama,,0,461,Alexander City,"array([-0.39770498, -7.01211438])"
462,United States,1,34.7048,-85.2819,Georgia,,0,462,La Fayette,"array([-0.76127356, -7.03822317])"
463,United States,1,33.43594,-86.1058,Alabama,,0,463,Talledega,"array([-0.41943537, -7.07281651])"
464,United States,1,31.89127,-85.14549,Alabama,,0,464,Eufaula,"array([-0.40339133, -6.92764478])"
465,United States,1,32.55376,-83.88741,Georgia,,0,465,Fort Valley,"array([-0.57774581, -6.77768182])"
466,United States,1,32.42403,-85.69162,Alabama,,0,466,Tuskagee,"array([-0.39691718, -6.97143078])"
467,United States,1,32.60986,-85.48078,Alabama,,0,467,Auburn,"array([-0.44113817, -6.94155391])"
468,United States,1,33.83208,-81.80094,,,0,468,Johnston,"array([-1.07928401, -6.68821195])"
469,United States,1,33.47097,-81.97484,Georgia,,0,469,Augusta,"array([-1.02733151, -6.6662137 ])"
470,United States,1,34.3807,-81.08648,,,0,470,Winnsboro,"array([-1.17964896, -6.74264937])"
471,United States,1,34.00071,-81.03481,,,0,471,Columbia,"array([-1.12972753, -6.7136467 ])"
472,United States,1,35.04563,-85.30968,Tennessee,,0,472,Chattanooga,"array([-0.80099724, -7.08177607])"
473,United States,1,35.22709,-80.84313,North Carolina,,0,473,Charlotte,"array([-1.22815949, -6.77520115])"
474,United States,1,36.09986,-80.24422,North Carolina,,0,474,Winston-Salem,"array([-1.31777469, -6.74377102])"
475,United States,1,35.58486,-80.81007,North Carolina,,0,475,Mooresville,"array([-1.27292016, -6.75710899])"
476,United States,1,33.05457,-84.15575,Georgia,,0,476,Barnesville,"array([-0.61420437, -6.84905453])"
477,United States,1,32.88819,-84.32659,Georgia,,0,477,Thomaston,"array([-0.58330704, -6.86863282])"
478,United States,1,33.24678,-84.26409,Georgia,,0,478,Griffin,"array([-0.64980732, -6.87653587])"
479,United States,1,33.88399,-84.51438,Georgia,,0,479,Smyrna,"array([-0.72035189, -6.93229637])"
480,United States,1,31.4399,-84.72492,Georgia,,0,480,Arlington,"array([-0.49494475, -6.72024933])"
481,United States,1,31.57851,-84.15574,Georgia,,0,481,Albany,"array([-0.52547191, -6.73181732])"
482,United States,1,32.07239,-84.23269,Georgia,,0,482,Americus,"array([-0.55382014, -6.751386  ])"
483,United States,1,32.84069,-83.6324,Georgia,,0,483,Macon,"array([-0.59780872, -6.81034149])"
484,United States,1,33.9526,-84.54993,Georgia,,0,484,Marietta,"array([-0.75071632, -6.96128663])"
485,United States,1,34.0751,-84.21242,Georgia,,0,485,Alpharette,"array([-0.72990116, -6.82007104])"
486,United States,1,32.85985,-84.61993,Georgia,,0,486,Manchester,"array([-0.55677118, -6.89506424])"
487,United States,1,38.25424,-85.75941,Kentucky,,0,487,Louisville,"array([-1.23158575, -7.6262764 ])"
488,United States,1,30.7752,-94.41548,Texas,,0,488,Woodville,"array([ 0.1121281 , -7.56595801])"
489,United States,1,37.80923,-85.4669,Kentucky,,0,489,Bardsdtown,"array([-1.2552232 , -7.60809207])"
490,United States,1,37.89113,-85.96363,Kentucky,,0,490,Fort Knox,"array([-1.07899631, -7.59351495])"
491,United States,1,38.20091,-84.87328,Kentucky,,0,491,Frankfort,"array([-1.34327244, -7.57660453])"
492,United States,1,38.21201,-85.22357,Kentucky,,0,492,Shelbyville,"array([-1.28468703, -7.60014105])"
493,United States,1,38.2098,-84.55883,Kentucky,,0,493,Georgetown,"array([-1.3804134 , -7.54631968])"
494,United States,1,37.98869,-84.47772,Kentucky,,0,494,Lexington,"array([-1.40451958, -7.55447285])"
495,United States,1,37.99008,-84.17965,Kentucky,,0,495,Winchester,"array([-1.46210653, -7.55850074])"
496,United States,1,38.2098,-84.25299,Kentucky,,0,496,Paris,"array([-1.56407101, -7.57477012])"
497,United States,1,40.75448,-86.35667,Indiana,,0,497,Logansport,"array([-1.56186408, -8.11815711])"
498,United States,1,40.48643,-86.1336,Indiana,,0,498,Kokomo,"array([-1.57526128, -8.15324448])"
499,United States,1,38.86116,-86.48721,Indiana,,0,499,Bedford,"array([-1.2909495, -7.9176031])"
500,United States,1,38.73283,-86.4736,Indiana,,0,500,Mitchell,"array([-1.25339011, -7.92405242])"
501,United States,1,38.55617,-86.46832,Indiana,,0,501,Paoli,"array([-1.22090099, -7.91138515])"
502,United States,1,38.54894,-86.61999,Indiana,,0,502,French Lick,"array([-1.20406557, -7.88180562])"
503,United States,1,38.67699,-86.91417,Indiana,,0,503,Loogootee,"array([-1.20856552, -7.84687904])"
504,United States,1,38.39144,-86.93111,Indiana,,0,504,Jasper,"array([-1.16537146, -7.71854669])"
505,United States,1,40.76087,-87.15085,Indiana,,0,505,Remington,"array([-1.55761884, -8.20099928])"
506,United States,1,40.75809,-87.04168,Indiana,,0,506,Wolcott,"array([-1.52562057, -8.12890215])"
507,United States,1,41.78586,-88.14729,Illinois,,0,507,Naperville,"array([-1.71785619, -8.51876312])"
508,United States,1,42.03725,-88.28119,Illinois,,0,508,Elgin,"array([-1.68299441, -8.54780476])"
509,United States,1,42.03336,-88.08341,Illinois,,0,509,Schaumburg,"array([-1.66195993, -8.48125109])"
510,United States,1,41.88475,-88.20396,Illinois,,0,510,West Chicago,"array([-1.69659623, -8.49305449])"
511,United States,1,42.03336,-87.73339,Illinois,,0,511,Skokie,"array([-1.62958654, -8.47387969])"
512,United States,1,41.85003,-87.65005,Illinois,,0,512,Chicago,"array([-1.62764811, -8.41045981])"
513,United States,1,42.28308,-87.95313,Illinois,,0,513,Libertyville,"array([-1.62743796, -8.61031888])"
514,United States,1,42.12753,-87.82895,Illinois,,0,514,Northbrook,"array([-1.64835149, -8.5109299 ])"
515,United States,1,42.72613,-87.78285,Wisconsin,,0,515,Racine,"array([-1.61957365, -8.7461062 ])"
516,United States,1,42.58474,-87.82119,Wisconsin,,0,516,Kenosha,"array([-1.62247091, -8.68214847])"
517,United States,1,32.20487,-95.85552,Texas,,0,517,Athens,"array([ 0.04661355, -7.75333694])"
518,United States,1,32.78306,-96.80667,Texas,,0,518,Dallas,"array([ 0.05005307, -7.80655878])"
519,United States,1,42.24587,-84.40135,Michigan,,0,519,Jackson,"array([-1.91759705, -8.0340931 ])"
520,United States,1,32.61543,-93.28684,Louisiana,,0,520,Minden,"array([-0.09946094, -7.56915411])"
521,United States,1,40.55809,-90.03512,Illinois,,0,521,Canton,"array([-1.42443472, -8.50492899])"
522,United States,1,39.9356,-91.40987,Illinois,,0,522,Quincy,"array([-1.37653098, -8.5325218 ])"
523,United States,1,39.17533,-89.65426,Illinois,,0,523,Litchfield,"array([-1.29712878, -8.43831729])"
524,United States,1,42.73254,-84.55553,Michigan,,0,524,Lansing,"array([-1.9410775 , -8.14035591])"
525,United States,1,40.4167,-86.87529,Indiana,,0,525,Lafayette,"array([-1.5323029 , -8.22236691])"
526,United States,1,40.04115,-86.87445,Indiana,,0,526,Crawfordsville,"array([-1.50330867, -8.22864602])"
527,United States,1,39.73394,-90.22901,Illinois,,0,527,Jacksonville,"array([-1.36331567, -8.47653155])"
528,United States,1,40.45921,-90.6718,Illinois,,0,528,Macomb,"array([-1.40434316, -8.52868947])"
529,United States,1,39.48309,-88.37283,Illinois,,0,529,Mattoon,"array([-1.37185695, -8.35909404])"
530,United States,1,39.12004,-88.54338,Illinois,,0,530,Effingham,"array([-1.30661827, -8.40306403])"
531,United States,1,31.14352,-93.261,Louisiana,,0,531,Leesville,"array([ 0.04245512, -7.50209939])"
532,United States,1,31.76072,-93.08627,Louisiana,,0,532,Natchitoches,"array([-0.01984734, -7.54275895])"
533,United States,1,32.52515,-93.75018,Louisiana,,0,533,Shreveport,"array([-0.0473687 , -7.57945869])"
534,United States,1,45.18052,-89.68346,Wisconsin,,0,534,Merrill,"array([-1.74226179, -9.21254124])"
535,United States,1,30.45075,-91.15455,Louisiana,,0,535,Baton Rouge,"array([-0.03402284, -7.38441314])"
536,United States,1,30.22409,-92.01984,Louisiana,,0,536,Lafayette,"array([ 3.64710946e-03, -7.42775911e+00])"
537,United States,1,30.53353,-92.08151,Louisiana,,0,537,Opelousas,"array([ 3.60052715e-03, -7.46605527e+00])"
538,United States,1,31.31129,-92.44514,Louisiana,,0,538,Alexandria,"array([ 6.01494286e-03, -7.50607175e+00])"
539,United States,1,44.02163,-92.4699,Minnesota,,0,539,Rochester,"array([-1.90109872, -8.93631272])"
540,United States,1,44.08385,-93.22604,Minnesota,,0,540,Owatonna,"array([-1.9658306 , -8.99017213])"
541,United States,1,30.21309,-93.2044,Louisiana,,0,541,Lake Charles,"array([ 0.07512328, -7.49378297])"
542,United States,1,30.22243,-92.65708,Louisiana,,0,542,Jennings,"array([ 0.04403475, -7.45632626])"
543,United States,1,43.97858,-90.50402,Wisconsin,,0,543,Tomah,"array([-1.81378803, -8.91574276])"
544,United States,1,39.51506,-84.39828,Ohio,,0,544,Middletown,"array([-1.49314032, -7.76506872])"
545,United States,1,44.04996,-91.63932,Minnesota,,0,545,Winona,"array([-1.86907304, -8.93998021])"
546,United States,1,44.38386,-92.03294,Minnesota,,0,546,Wabasha,"array([-1.89260011, -8.984378  ])"
547,United States,1,44.76306,-85.62063,Michigan,,0,547,Traverse City,"array([-2.07910633, -8.29921612])"
548,United States,1,31.40906,-87.23915,Alabama,,0,548,Repton,"array([-0.25828896, -7.00426733])"
549,United States,1,35.15092,-92.74405,Arkansas,,0,549,Morrilton,"array([-0.31763275, -7.85773837])"
550,United States,1,35.43564,-83.81906,North Carolina,,0,550,Fontana Village,"array([-1.04597249, -7.0318817 ])"
551,United States,1,35.86815,-83.56184,Tennessee,,0,551,Sevierville,"array([-1.06647713, -6.99762713])"
552,United States,1,33.24428,-86.81638,Alabama,,0,552,Alabaster,"array([-0.35717239, -7.05485894])"
553,United States,1,33.52066,-86.80249,Alabama,,0,553,Birmingham,"array([-0.36973095, -7.09599267])"
554,United States,1,33.20984,-87.56917,Alabama,,0,554,Tuscaloosa,"array([-0.3452764 , -7.14682306])"
555,United States,1,33.83122,-87.27751,Alabama,,0,555,Jasper,"array([-0.35388917, -7.12128911])"
556,United States,1,33.68899,-86.68332,Alabama,,0,556,Pinson,"array([-0.40906444, -7.09532484])"
557,United States,1,32.40736,-87.0211,Alabama,,0,557,Selma,"array([-0.32084142, -7.01303606])"
558,United States,1,32.70458,-87.59584,Alabama,,0,558,Greensboro,"array([-0.30452625, -7.05401454])"
559,United States,1,32.30625,-87.79807,Alabama,,0,559,Linden,"array([-0.28958875, -7.13925005])"
560,United States,1,32.51764,-87.8364,Alabama,,0,560,Demopolis,"array([-0.29457307, -7.09699812])"
561,United States,1,32.48625,-88.29642,Alabama,,0,561,York,"array([-0.32214161, -7.19887402])"
562,United States,1,29.78079,-96.15718,Texas,,0,562,Sealy,"array([ 0.2252108, -7.5867906])"
563,United States,1,41.34366,-86.30973,Indiana,,0,563,Plymouth,"array([-1.70556156, -8.16879335])"
564,,1,0.0,0.0,,,1,564,None,"array([-1.01295879, -7.0963698 ])"
565,United States,1,37.10367,-93.81854,Missouri,,0,565,Mount Vernon,"array([-0.77538319, -8.30211814])"
566,United States,1,29.42412,-98.49363,Texas,,0,566,San Antonio,"array([ 0.26560086, -7.68585397])"
567,United States,1,39.41535,-81.45484,Ohio,,0,567,Marietta,"array([-1.75309795, -7.44649138])"
568,United States,1,39.26674,-81.56151,,,0,568,Parkersburg,"array([-1.74129327, -7.42201054])"
569,United States,1,40.32674,-78.92197,Pennsylvania,,0,569,Johnstown,"array([-2.10290308, -7.45342824])"
570,United States,1,38.75095,-77.47527,Virginia,,0,570,Manassas,"array([-1.94520273, -7.02821414])"
571,United States,1,38.89511,-77.03637,Maryland,,0,571,Washington DC,"array([-1.91495677, -7.01140431])"
572,United States,1,39.18566,-78.16333,Virginia,,0,572,Winchester,"array([-1.99904854, -7.0692894 ])"
573,United States,1,38.91817,-78.19444,Virginia,,0,573,Front Royal,"array([-1.97500894, -7.04648801])"
574,United States,1,39.41427,-77.41054,Maryland,,0,574,Frederick,"array([-1.96948274, -7.11099608])"
575,United States,1,39.45621,-77.96389,,,0,575,Martinsburg,"array([-2.01247601, -7.09863915])"
576,United States,1,39.04372,-77.48749,Virginia,,0,576,Ashburn,"array([-1.89279517, -7.05728336])"
577,United States,1,39.11566,-77.5636,Virginia,,0,577,Leesburg,"array([-1.93051481, -7.08626194])"
578,United States,1,39.75895,-84.19161,Ohio,,0,578,Dayton,"array([-1.68854421, -7.6677886 ])"
579,United States,1,38.30318,-77.46054,Virginia,,0,579,Fredericksburg,"array([-1.8742552 , -6.97588178])"
580,United States,1,38.47318,-77.99666,Virginia,,0,580,Culpeper,"array([-1.84145953, -7.07473632])"
581,United States,1,40.05812,-82.40126,Ohio,,0,581,Newark,"array([-1.81804516, -7.61976456])"
582,United States,1,35.0887,-92.4421,Arkansas,,0,582,Conway,"array([-0.3221741 , -7.80146515])"
583,United States,1,35.25064,-91.73625,Arkansas,,0,583,Searcy,"array([-0.32647096, -7.77436889])"
584,United States,1,34.82093,-91.4043,Arkansas,,0,584,Biscoe,"array([-0.36764276, -7.70633716])"
585,United States,1,34.30844,-90.85205,Arkansas,,0,585,Elaine,"array([-0.43632459, -7.79235913])"
586,United States,1,36.16284,-85.50164,Tennessee,,0,586,Cookeville,"array([-0.90694837, -7.20412629])"
587,United States,1,34.5037,-93.05518,Arkansas,,0,587,Hot Springs,"array([-0.28021589, -7.83030286])"
588,United States,1,34.74648,-92.28959,Arkansas,,0,588,Little Rock,"array([-0.32008119, -7.74708181])"
589,United States,1,34.22843,-92.0032,Arkansas,,0,589,Pine Bluff,"array([-0.28786678, -7.69902725])"
590,United States,1,35.36202,-86.20943,Tennessee,,0,590,Tullahoma,"array([-0.80514308, -7.14936552])"
591,United States,1,35.48174,-86.0886,Tennessee,,0,591,Manchester,"array([-0.84047027, -7.17100167])"
592,United States,1,35.6834,-85.76998,Tennessee,,0,592,McMinnville,"array([-0.87244225, -7.19672445])"
593,United States,1,40.30146,-79.53893,Pennsylvania,,0,593,Greensburg,"array([-2.07560006, -7.49382594])"
594,United States,1,36.16589,-86.78444,Tennessee,,0,594,Nashville,"array([-0.81960679, -7.32372154])"
595,United States,1,36.20811,-86.2911,Tennessee,,0,595,Lebanon,"array([-0.86466137, -7.2615187 ])"
596,United States,1,35.48341,-86.46027,Tennessee,,0,596,Shelbyville,"array([-0.75299628, -7.23538302])"
597,United States,1,35.28314,-86.37416,Tennessee,,0,597,Lynchburg,"array([-0.78412642, -7.13547749])"
598,United States,1,30.26715,-97.74306,Texas,,0,598,Austin,"array([ 0.23751811, -7.75015941])"
599,United States,1,29.88327,-97.94139,Texas,,0,599,San Marcos,"array([ 0.25710404, -7.72001946])"
600,,1,0.0,0.0,,,1,600,None,"array([-1.7834298 , -7.87400814])"
601,United States,1,43.06307,-86.22839,Michigan,,0,601,Grand Haven,"array([-1.95500849, -8.24091955])"
602,United States,1,43.23418,-86.24839,Michigan,,0,602,Muskegon,"array([-1.99213787, -8.22274355])"
603,United States,1,42.96336,-85.66809,Michigan,,0,603,Grand Rapids,"array([-1.95467289, -8.18369189])"
604,,1,0.0,0.0,,,1,604,None,"array([-1.11207471, -8.66212602])"
605,United States,1,41.25034,-79.45949,Pennsylvania,,0,605,Shippenville,"array([-2.13622552, -7.52572948])"
606,United States,1,41.39784,-79.83144,Pennsylvania,,0,606,Franklin,"array([-2.13476728, -7.56689824])"
607,United States,1,41.64144,-80.15145,Pennsylvania,,0,607,Meadville,"array([-2.12207252, -7.60784706])"
608,United States,1,42.12922,-80.08506,Pennsylvania,,0,608,Erie,"array([-2.09867909, -7.64777587])"
609,United States,1,39.7056,-85.82081,Indiana,,0,609,Carrollton,"array([-1.34218284, -7.66779594])"
610,United States,1,34.56454,-92.58683,Arkansas,,0,610,Benton,"array([-0.29419026, -7.7871492 ])"
611,United States,1,39.00616,-85.62358,Indiana,,0,611,North Vernon,"array([-1.30711446, -7.86132952])"
612,United States,1,38.95922,-85.89025,Indiana,,0,612,Seymour,"array([-1.29871837, -7.89054658])"
613,United States,1,39.48061,-86.05499,Indiana,,0,613,Franklin,"array([-1.36347508, -7.87500906])"
614,United States,1,38.68561,-85.77025,Indiana,,0,614,Scottsburg,"array([-1.33431803, -7.81314197])"
615,United States,1,42.32115,-85.17971,Michigan,,0,615,Battle Creek,"array([-1.8951781 , -8.07228183])"
616,United States,1,42.78752,-86.10893,Michigan,,0,616,Holland,"array([-1.91493052, -8.25201769])"
617,United States,1,44.00053,-96.31753,Minnesota,,0,617,Pipestone,"array([-2.14535976, -8.98829196])"
618,United States,1,44.4469,-95.78835,Minnesota,,0,618,Marshall,"array([-2.16520455, -9.01525202])"
619,United States,1,44.80996,-95.54558,Minnesota,,0,619,Granite Falls,"array([-2.17100609, -9.04725201])"
620,United States,1,44.94246,-95.72364,Minnesota,,0,620,Montevideo,"array([-2.16085465, -9.07820172])"
621,United States,1,42.96027,-90.13012,Wisconsin,,0,621,Dodgeville,"array([-1.78380761, -8.88067106])"
622,United States,1,42.47584,-90.2529,Illinois,,0,622,Scales Mound,"array([-1.62469239, -8.65571663])"
623,United States,1,42.29669,-89.62123,Illinois,,0,623,Freeport,"array([-1.66085669, -8.6405275 ])"
624,United States,1,42.27113,-89.094,Illinois,,0,624,Rockford,"array([-1.68955022, -8.61574488])"
625,United States,1,43.65414,-96.21281,Minnesota,,0,625,Luverne,"array([-2.08295117, -8.9529559 ])"
626,United States,1,43.54997,-96.70033,,,0,626,Sioux Falls,"array([-2.11663142, -8.96758555])"
627,,1,0.0,0.0,,,1,627,None,"array([-1.02772028, -8.56505965])"
628,,1,0.0,0.0,,,1,628,None,"array([-1.10354263, -7.54941352])"
629,United States,1,34.36231,-92.81295,Arkansas,,0,629,Malvern,"array([-0.23502302, -7.8386251 ])"
630,United States,1,35.96062,-85.81415,Tennessee,,0,630,Smithville,"array([-0.87118494, -7.22978757])"
631,United States,1,33.00793,-81.30844,,,0,631,Allendale,"array([-0.97469502, -6.64798089])"
632,,1,0.0,0.0,,,1,632,None,"array([-1.16462774, -8.62908195])"
633,United States,1,32.75489,-81.24205,,,0,633,Estill,"array([-0.92101158, -6.63311389])"
634,,1,0.0,0.0,,,1,634,None,"array([-1.15279529, -8.42705937])"
635,,1,0.0,0.0,,,1,635,None,"array([-0.41697996, -7.6662139 ])"
636,,1,0.0,0.0,,,1,636,None,"array([-0.74154018, -7.63904308])"
637,United States,1,35.47374,-81.25453,North Carolina,,0,637,Lincolton,"array([-1.24204978, -6.82889232])"
638,United States,1,34.7698,-84.97022,Georgia,,0,638,Dalton,"array([-0.79232148, -7.03941085])"
639,United States,1,35.14648,-90.18454,Arkansas,,0,639,West Memphis,"array([-0.50469341, -7.56282801])"
640,United States,1,34.2565,-90.27204,Mississippi,,0,640,Marks,"array([-0.49033108, -7.48646137])"
641,United States,1,33.51623,-90.17953,Mississippi,,0,641,Greenwood,"array([-0.4303876 , -7.46112401])"
642,United States,1,32.85513,-90.40565,Mississippi,,0,642,Yazoo City,"array([-0.37223769, -7.43290025])"
643,United States,1,34.52955,-90.59177,Arkansas,,0,643,Helena,"array([-0.44732217, -7.76584527])"
644,United States,1,34.77371,-90.75761,Arkansas,,0,644,Marienna,"array([-0.4707477 , -7.78198319])"
645,United States,1,35.00815,-90.78983,Arkansas,,0,645,Forrest City,"array([-0.46028197, -7.61452784])"
646,United States,1,34.68455,-90.38288,Mississippi,,0,646,Tunica,"array([-0.51014715, -7.37813379])"
647,United States,1,34.69315,-91.31374,Arkansas,,0,647,Clarendon,"array([-0.42758425, -7.69975814])"
648,United States,1,34.55566,-90.91289,Arkansas,,0,648,Marvell,"array([-0.4378738 , -7.73332382])"
649,United States,1,36.86896,-94.368,Missouri,,0,649,Neosho,"array([-0.65469263, -8.24246719])"
650,United States,1,38.09338,-88.53561,Illinois,,0,650,McLeansboro,"array([-1.11479702, -8.62601925])"
651,United States,1,38.31727,-88.90312,Illinois,,0,651,Mt Vernon,"array([-1.1537288 , -8.54752705])"
652,United States,1,38.52505,-89.1334,Illinois,,0,652,Centralia,"array([-1.17551787, -8.48750609])"
653,United States,1,38.62699,-88.94562,Illinois,,0,653,Salem,"array([-1.24340133, -8.45096455])"
654,United States,1,38.81144,-89.95316,Illinois,,0,654,Edwardsville,"array([-1.2209848 , -8.42905635])"
655,United States,1,38.67033,-89.98455,Illinois,,0,655,Collinsville,"array([-1.13052267, -8.44404745])"
656,United States,1,38.37894,-88.35977,Illinois,,0,656,Fairfield,"array([-1.16275793, -8.58860354])"
657,United States,1,38.09088,-88.15865,Illinois,,0,657,Carmi?,"array([-1.14312662, -8.65586351])"
658,United States,1,38.73088,-88.08532,Illinois,,0,658,Olney,"array([-1.2482615, -8.5151305])"
659,United States,1,38.66894,-88.4856,Illinois,,0,659,Flora,"array([-1.24579799, -8.48391772])"
660,United States,1,36.557,-89.96648,Missouri,,0,660,Malden,"array([-0.61308568, -7.64598261])"
661,United States,1,36.79589,-89.95787,Missouri,,0,661,Dexter,"array([-0.64323252, -7.66349673])"
662,United States,1,36.87672,-89.58786,Missouri,,0,662,Sikeston,"array([-0.67669518, -7.66764311])"
663,United States,1,37.30588,-89.51815,Missouri,,0,663,Cape Girardeau,"array([-0.71068659, -7.65875554])"
664,United States,1,39.7831,-90.74541,Illinois,,0,664,Perry,"array([-1.36153474, -8.50804298])"
665,United States,1,32.52321,-92.63793,Louisiana,,0,665,Ruston,"array([-0.15211764, -7.55851158])"
666,United States,1,42.29171,-85.58723,Michigan,,0,666,Kalamazoo,"array([-1.86667809, -8.10827278])"
667,United States,1,34.25704,-85.16467,Georgia,,0,667,Rome,"array([-0.71498133, -6.99629558])"
668,United States,1,30.79714,-85.3766,Florida,,0,668,Cottondale,"array([-0.3382981 , -6.79908092])"
669,United States,1,30.42131,-87.21691,Florida,,0,669,Pensacola,"array([-0.21537415, -6.92771342])"
670,United States,1,32.36431,-88.70366,Mississippi,,0,670,Meridian,"array([-0.33555847, -7.28131548])"
671,United States,1,37.41375,-79.14225,Virginia,,0,671,Lynchburg,"array([-1.73479167, -7.10602256])"
672,United States,1,38.02931,-78.47668,Virginia,,0,672,Charlottesville,"array([-1.78914472, -7.09122556])"
673,United States,1,37.11843,-82.82683,Kentucky,,0,673,Whitesburg,"array([-1.50359371, -7.33757516])"
674,United States,1,37.47927,-82.51876,Kentucky,,0,674,Pikeville,"array([-1.51742225, -7.37649509])"
675,United States,1,36.93343,-82.62905,Virginia,,0,675,Norton,"array([-1.47269418, -7.16183178])"
676,United States,1,36.75842,-83.02711,Virginia,,0,676,Pennington Gap,"array([-1.44333546, -7.19087311])"
677,United States,1,37.24954,-83.19323,Kentucky,,0,677,Hazard,"array([-1.47749157, -7.41519477])"
678,United States,1,37.16093,-83.37324,Kentucky,,0,678,Hyden,"array([-1.46257566, -7.36421109])"
679,United States,1,37.1537,-83.76186,Kentucky,,0,679,Manchester,"array([-1.45045207, -7.31195836])"
680,United States,1,36.86648,-83.88881,Kentucky,,0,680,Barbourville,"array([-1.44086136, -7.258977  ])"
681,United States,1,30.30274,-81.97539,Florida,,0,681,Baldwin,"array([-0.64508435, -6.62307722])"
682,United States,1,31.60744,-81.88539,Georgia,,0,682,Jesup,"array([-0.81125284, -6.61605416])"
683,United States,1,30.18968,-82.63929,Florida,,0,683,Lake City,"array([-0.59041093, -6.63525363])"
684,United States,1,30.33218,-81.65565,Florida,,0,684,Jacksonville,"array([-0.70044189, -6.61606389])"
685,United States,1,30.46937,-83.63015,Florida,,0,685,Greenville,"array([-0.48360605, -6.67863573])"
686,United States,1,30.29495,-82.98402,Florida,,0,686,Live Oak,"array([-0.53635607, -6.65334017])"
687,United States,1,34.3665,-89.51925,Mississippi,,0,687,Oxford,"array([-0.48667024, -7.35335103])"
688,United States,1,33.49567,-88.42726,Mississippi,,0,688,Columbus,"array([-0.4031418 , -7.29896238])"
689,United States,1,33.4504,-88.81839,Mississippi,,0,689,Starkville,"array([-0.43075395, -7.32684077])"
690,United States,1,39.80172,-89.64371,Illinois,,0,690,Springfield,"array([-1.37399207, -8.44570063])"
691,United States,1,32.87791,-85.18327,Georgia,,0,691,West Point,"array([-0.50159235, -6.92874518])"
692,United States,1,33.03929,-85.03133,Georgia,,0,692,La Grange,"array([-0.55876412, -6.92793422])"
693,United States,1,33.58011,-85.07661,Georgia,,0,693,Carrollton,"array([-0.61434505, -6.94092092])"
694,United States,1,33.12374,-89.05506,Mississippi,,0,694,Louisville,"array([-0.39360183, -7.32305098])"
695,United States,1,34.1651,-84.79994,Georgia,,0,695,Cartersville,"array([-0.77481793, -6.99726046])"
696,United States,1,33.94621,-84.33465,Georgia,,0,696,Dunwoody,"array([-0.70232408, -6.87584531])"
697,United States,1,33.749,-84.38798,Georgia,,0,697,Atlanta,"array([-0.68404857, -6.90951247])"
698,United States,1,33.94121,-84.21353,Georgia,,0,698,Norcross,"array([-0.71770566, -6.84548945])"
699,United States,1,35.04204,-89.66453,Tennessee,,0,699,Collierville,"array([-0.58132561, -7.46552071])"
700,United States,1,32.46098,-84.98771,Georgia,,0,700,Columbus,"array([-0.52516098, -6.90559658])"
701,United States,1,34.7676,-89.44869,Mississippi,,0,701,Holly Springs,"array([-0.5383863 , -7.39635648])"
702,United States,1,34.93425,-88.52227,Mississippi,,0,702,Corinth,"array([-0.53974046, -7.34223197])"
703,United States,1,34.25761,-88.70339,Mississippi,,0,703,Tupolo,"array([-0.46767423, -7.32589637])"
704,United States,1,40.11642,-88.24338,Illinois,,0,704,Champaign,"array([-1.44442361, -8.3638312 ])"
705,United States,1,36.96478,-89.08923,Kentucky,,0,705,Wickliffe,"array([-0.79455784, -7.57768862])"
706,United States,1,39.68478,-83.92965,Ohio,,0,706,Xenia,"array([-1.72502262, -7.64702182])"
707,United States,1,39.62839,-84.15938,Ohio,,0,707,Centerville,"array([-1.63444265, -7.68224389])"
708,United States,1,46.78327,-92.10658,Minnesota,,0,708,Duluth,"array([-2.02384473, -9.28182017])"
709,United States,1,40.29867,-83.06796,Ohio,,0,709,Delaware,"array([-1.82677862, -7.70474158])"
710,United States,1,40.23645,-83.36714,Ohio,,0,710,Marysville,"array([-1.81086399, -7.79658142])"
711,United States,1,40.36116,-83.75966,Ohio,,0,711,Bellefontaine,"array([-1.76190764, -7.86288194])"
712,United States,1,39.92423,-83.80882,Ohio,,0,712,Springfield,"array([-1.73088793, -7.66584143])"
713,United States,1,38.73174,-82.99767,Ohio,,0,713,Portsmouth,"array([-1.68465406, -7.54691747])"
714,United States,1,39.33312,-82.9824,Ohio,,0,714,Chillicothe,"array([-1.72540139, -7.59454532])"
715,United States,1,39.96118,-82.99879,Ohio,,0,715,Columbus,"array([-1.76671564, -7.64327094])"
716,United States,1,40.09312,-83.01796,Ohio,,0,716,Worthington,"array([-1.79876326, -7.67293204])"
717,United States,1,43.75083,-87.71453,Wisconsin,,0,717,Sheboygan,"array([-1.64650466, -9.04520184])"
718,United States,1,44.08861,-87.65758,Wisconsin,,0,718,Manitowoc,"array([-1.66809425, -9.09722979])"
719,United States,1,43.06057,-88.10648,Wisconsin,,0,719,Brookfield,"array([-1.63394608, -8.92916992])"
720,United States,1,43.42528,-88.18343,Wisconsin,,0,720,West Bend,"array([-1.63451857, -8.98942151])"
721,United States,1,39.71368,-82.59933,Ohio,,0,721,Lancaster,"array([-1.76261242, -7.58351032])"
722,United States,1,40.06396,-80.72091,,,0,722,Wheeling,"array([-1.9591468, -7.5621646])"
723,United States,1,41.0006,-85.7686,Indiana,,0,723,North Manchester,"array([-1.69286283, -8.09810274])"
724,United States,1,40.79782,-85.82054,Indiana,,0,724,Wabash,"array([-1.64201153, -8.10311238])"
725,United States,1,40.55837,-85.65914,Indiana,4923210,0,725,Marion,"array([-1.61756665, -8.08163985])"
726,United States,1,40.75365,-86.06888,Indiana,,0,726,Peru,"array([-1.60137629, -8.11228988])"
727,United States,1,41.2381,-85.85305,Indiana,,0,727,Warsaw,"array([-1.70677307, -8.14366122])"
728,United States,1,41.15727,-85.48831,Indiana,,0,728,Columbia City,"array([-1.74394166, -8.06577569])"
729,United States,1,41.1306,-85.12886,Indiana,,0,729,Fort Wayne,"array([-1.75973561, -8.03297919])"
730,United States,1,40.8831,-85.49748,Indiana,,0,730,Huntington,"array([-1.65730821, -8.08353083])"
731,United States,1,41.36809,-89.46481,Illinois,,0,731,Princeton,"array([-1.55666022, -8.48158411])"
732,United States,1,39.94035,-82.01319,Ohio,,0,732,Zanesville,"array([-1.86664149, -7.59855767])"
733,United States,1,40.04282,-86.12749,Indiana,,0,733,Westfield,"array([-1.44893635, -8.23522087])"
734,United States,1,40.12448,-87.63002,Illinois,,0,734,Danville,"array([-1.48855937, -8.29363181])"
735,United States,1,41.1538,-81.64378,Ohio,,0,735,Montrose,"array([-2.05522802, -7.75092851])"
736,United States,1,38.01144,-89.23619,Illinois,,0,736,Du Quoin,"array([-1.05087679, -8.5319997 ])"
737,United States,1,45.5608,-94.16249,Minnesota,,0,737,St Cloud,"array([-2.02076152, -9.13491714])"
738,United States,1,46.60662,-93.31384,Minnesota,,0,738,McGregor,"array([-2.03454736, -9.24992984])"
739,United States,1,39.4667,-87.41391,Indiana,,0,739,Terre Haute,"array([-1.37732437, -8.23770611])"
740,United States,1,40.4842,-88.99369,Illinois,,0,740,Bloomington,"array([-1.44272119, -8.41986399])"
741,United States,1,40.69365,-89.58899,Illinois,,0,741,Peoria,"array([-1.43890656, -8.47502602])"
742,United States,1,40.94782,-90.37124,Illinois,,0,742,Galesburg,"array([-1.49803543, -8.52830589])"
743,United States,1,41.5067,-90.51513,,,0,743,Moline,"array([-1.55874451, -8.54240043])"
744,United States,1,41.35837,-89.73732,Illinois,,0,744,Sheffield,"array([-1.56532592, -8.5051155 ])"
745,United States,1,37.21533,-93.29824,Missouri,,0,745,Springfield,"array([-0.83737959, -8.32644981])"
746,United States,1,46.87719,-96.7898,,,0,746,Fargo,"array([-2.18518412, -9.23158598])"
747,United States,1,46.87385,-96.76758,Minnesota,,0,747,Moorhead,"array([-2.16241811, -9.21408953])"
748,United States,1,46.28302,-96.07756,Minnesota,,0,748,Fergus Falls,"array([-2.13563008, -9.19357491])"
749,United States,1,45.88524,-95.37754,Minnesota,,0,749,Alexandria,"array([-2.10571723, -9.1700991 ])"
750,United States,1,45.66274,-94.69001,Minnesota,,0,750,Freeport,"array([-2.07308706, -9.14257252])"
751,United States,1,37.6806,-92.66379,Missouri,,0,751,Lebanon,"array([-0.90019509, -8.35213484])"
752,United States,1,45.97635,-94.3625,Minnesota,,0,752,Little Falls,"array([-2.02908038, -9.17572607])"
753,United States,1,46.35802,-94.20083,Minnesota,,0,753,Brainerd,"array([-2.03459215, -9.21434544])"
